{"animations":[{"loop":false,"offsets":[0,-9],"anim":"danceLeft","fps":24,"name":"dance","indices":[30,0,1,2,3,4,5,6,7,8,9,10,11,12,13,14]},{"loop":false,"offsets":[0,-9],"anim":"danceRight","fps":24,"name":"dance","indices":[15,16,17,18,19,20,21,22,23,24,25,26,27,28,29]},{"loop":false,"offsets":[0,-56],"anim":"scratch_left","fps":24,"name":"scratch_left","indices":[]},{"loop":false,"offsets":[0,-34],"anim":"scratch_right","fps":24,"name":"scratch_right","indices":[]},{"loop":false,"offsets":[3,14],"anim":"sad","fps":24,"name":"mad","indices":[]},{"loop":false,"offsets":[0,-2],"anim":"cheer","fps":24,"name":"hey","indices":[]}],"no_antialiasing":false,"image":"characters/binej_dj","position":[-100,-150],"healthicon":"binej","flip_x":false,"healthbar_colors":[156,164,201],"camera_position":[0,0],"sing_duration":4,"scale":1}
