﻿<?xml version="1.0" encoding="utf-8"?>
<TextureAtlas imagePath="gasterBlaster.png">
	<!-- Created with Adobe Animate version 21.0.4.39603 -->
	<!-- http://www.adobe.com/products/animate.html -->
	<SubTexture name="shoot0000" x="0" y="0" width="2772" height="899" frameX="-281" frameY="-91" frameWidth="3333" frameHeight="1080"/>
	<SubTexture name="shoot0001" x="2772" y="0" width="2754" height="893" frameX="-290" frameY="-94" frameWidth="3333" frameHeight="1080"/>
	<SubTexture name="shoot0002" x="0" y="899" width="2944" height="954" frameX="-195" frameY="-63" frameWidth="3333" frameHeight="1080"/>
	<SubTexture name="shoot0003" x="2944" y="899" width="2950" height="956" frameX="-191" frameY="-63" frameWidth="3333" frameHeight="1080"/>
	<SubTexture name="shoot0004" x="0" y="1855" width="2980" height="966" frameX="-177" frameY="-57" frameWidth="3333" frameHeight="1080"/>
	<SubTexture name="shoot0005" x="2980" y="1855" width="2775" height="899" frameX="-279" frameY="-91" frameWidth="3333" frameHeight="1080"/>
	<SubTexture name="shoot0006" x="0" y="2821" width="2872" height="931" frameX="-231" frameY="-75" frameWidth="3333" frameHeight="1080"/>
	<SubTexture name="shoot0007" x="2872" y="2821" width="2804" height="909" frameX="-265" frameY="-86" frameWidth="3333" frameHeight="1080"/>
	<SubTexture name="shoot0008" x="0" y="3752" width="2691" height="872" frameX="-322" frameY="-104" frameWidth="3333" frameHeight="1080"/>
	<SubTexture name="shoot0009" x="2691" y="3752" width="3237" height="1049" frameX="-49" frameY="-15" frameWidth="3333" frameHeight="1080"/>
	<SubTexture name="shoot0010" x="0" y="4801" width="3068" height="994" frameX="-133" frameY="-43" frameWidth="3333" frameHeight="1080"/>
	<SubTexture name="shoot0011" x="3068" y="4801" width="3138" height="1017" frameX="-98" frameY="-32" frameWidth="3333" frameHeight="1080"/>
	<SubTexture name="shoot0012" x="0" y="5818" width="2914" height="945" frameX="-210" frameY="-68" frameWidth="3333" frameHeight="1080"/>
	<SubTexture name="shoot0013" x="2914" y="5818" width="3333" height="1080"/>
</TextureAtlas>
