<?xml version='1.0' encoding='utf-8'?>
<TextureAtlas imagePath="engineer.png">
<SubTexture name="engineer idle0000" x="0" y="0" width="347" height="301" frameX="0" frameY="0" frameWidth="347" frameHeight="301" />
<SubTexture name="engineer idle0001" x="347" y="0" width="347" height="301" frameX="0" frameY="0" frameWidth="347" frameHeight="301" />
<SubTexture name="engineer idle0002" x="694" y="0" width="347" height="301" frameX="0" frameY="0" frameWidth="347" frameHeight="301" />
<SubTexture name="engineer idle0003" x="1041" y="0" width="347" height="301" frameX="0" frameY="0" frameWidth="347" frameHeight="301" />
<SubTexture name="engineer idle0004" x="0" y="301" width="347" height="301" frameX="0" frameY="0" frameWidth="347" frameHeight="301" />
<SubTexture name="engineer idle0005" x="347" y="301" width="347" height="299" frameX="0" frameY="0" frameWidth="347" frameHeight="299" />
<SubTexture name="engineer idle0006" x="694" y="301" width="347" height="299" frameX="0" frameY="0" frameWidth="347" frameHeight="299" />
<SubTexture name="engineer idle0007" x="1041" y="301" width="347" height="299" frameX="0" frameY="0" frameWidth="347" frameHeight="299" />
<SubTexture name="engineer idle0008" x="0" y="602" width="347" height="299" frameX="0" frameY="0" frameWidth="347" frameHeight="299" />
<SubTexture name="engineer idle0009" x="347" y="602" width="347" height="299" frameX="0" frameY="0" frameWidth="347" frameHeight="299" />
<SubTexture name="engineer idle0010" x="694" y="602" width="347" height="299" frameX="0" frameY="0" frameWidth="347" frameHeight="299" />
<SubTexture name="engineer idle0011" x="1041" y="602" width="347" height="299" frameX="0" frameY="0" frameWidth="347" frameHeight="299" />
<SubTexture name="engineer idle0012" x="0" y="901" width="347" height="299" frameX="0" frameY="0" frameWidth="347" frameHeight="299" />
<SubTexture name="engineer idle0013" x="347" y="901" width="347" height="299" frameX="0" frameY="0" frameWidth="347" frameHeight="299" />
<SubTexture name="engineer idle0014" x="694" y="901" width="347" height="299" frameX="0" frameY="0" frameWidth="347" frameHeight="299" />
<SubTexture name="engineer idle0015" x="1041" y="901" width="347" height="299" frameX="0" frameY="0" frameWidth="347" frameHeight="299" />
</TextureAtlas>
