<?xml version='1.0' encoding='utf-8'?>
<TextureAtlas imagePath="girlfriend.png">
<SubTexture name="girlfriend dance idle0000" x="0" y="0" width="242" height="329" frameX="0" frameY="0" frameWidth="242" frameHeight="329" />
<SubTexture name="girlfriend dance idle0001" x="242" y="0" width="242" height="329" frameX="0" frameY="0" frameWidth="242" frameHeight="329" />
<SubTexture name="girlfriend dance idle0002" x="484" y="0" width="242" height="329" frameX="0" frameY="0" frameWidth="242" frameHeight="329" />
<SubTexture name="girlfriend dance idle0003" x="726" y="0" width="242" height="329" frameX="0" frameY="0" frameWidth="242" frameHeight="329" />
<SubTexture name="girlfriend dance idle0004" x="0" y="329" width="242" height="329" frameX="0" frameY="0" frameWidth="242" frameHeight="329" />
<SubTexture name="girlfriend dance idle0005" x="242" y="329" width="242" height="329" frameX="0" frameY="0" frameWidth="242" frameHeight="329" />
<SubTexture name="girlfriend dance idle0006" x="484" y="329" width="242" height="329" frameX="0" frameY="0" frameWidth="242" frameHeight="329" />
<SubTexture name="girlfriend dance idle0007" x="726" y="329" width="242" height="329" frameX="0" frameY="0" frameWidth="242" frameHeight="329" />
<SubTexture name="girlfriend dance idle0008" x="0" y="658" width="242" height="329" frameX="0" frameY="0" frameWidth="242" frameHeight="329" />
<SubTexture name="girlfriend dance idle0009" x="242" y="658" width="242" height="329" frameX="0" frameY="0" frameWidth="242" frameHeight="329" />
<SubTexture name="girlfriend dance idle0010" x="484" y="658" width="242" height="329" frameX="0" frameY="0" frameWidth="242" frameHeight="329" />
<SubTexture name="girlfriend dance idle0011" x="726" y="658" width="242" height="329" frameX="0" frameY="0" frameWidth="242" frameHeight="329" />
<SubTexture name="girlfriend dance idle0012" x="0" y="987" width="242" height="329" frameX="0" frameY="0" frameWidth="242" frameHeight="329" />
<SubTexture name="girlfriend dance idle0013" x="242" y="987" width="242" height="329" frameX="0" frameY="0" frameWidth="242" frameHeight="329" />
<SubTexture name="girlfriend dance idle0014" x="484" y="987" width="242" height="329" frameX="0" frameY="0" frameWidth="242" frameHeight="329" />
<SubTexture name="girlfriend dance idle0015" x="726" y="987" width="242" height="329" frameX="0" frameY="0" frameWidth="242" frameHeight="329" />
<SubTexture name="girlfriend walk0000" x="0" y="1316" width="238" height="311" frameX="0" frameY="0" frameWidth="238" frameHeight="311" />
<SubTexture name="girlfriend walk0001" x="238" y="1316" width="238" height="311" frameX="0" frameY="0" frameWidth="238" frameHeight="311" />
<SubTexture name="girlfriend walk0002" x="476" y="1316" width="238" height="311" frameX="0" frameY="0" frameWidth="238" frameHeight="311" />
<SubTexture name="girlfriend walk0003" x="714" y="1316" width="238" height="311" frameX="0" frameY="0" frameWidth="238" frameHeight="311" />
<SubTexture name="girlfriend walk0004" x="0" y="1627" width="238" height="311" frameX="0" frameY="0" frameWidth="238" frameHeight="311" />
</TextureAtlas>
