<?xml version='1.0' encoding='utf-8'?>
<TextureAtlas imagePath="grunt.png">
<SubTexture name="grunt is dead :)0000" x="0" y="0" width="347" height="301" frameX="0" frameY="0" frameWidth="347" frameHeight="301" />
<SubTexture name="grunt is dead :)0001" x="347" y="0" width="347" height="301" frameX="0" frameY="0" frameWidth="347" frameHeight="301" />
<SubTexture name="grunt is dead :)0002" x="694" y="0" width="347" height="301" frameX="0" frameY="0" frameWidth="347" frameHeight="301" />
<SubTexture name="grunt is dead :)0003" x="1041" y="0" width="347" height="301" frameX="0" frameY="0" frameWidth="347" frameHeight="301" />
<SubTexture name="grunt is dead :)0004" x="0" y="301" width="347" height="301" frameX="0" frameY="0" frameWidth="347" frameHeight="301" />
<SubTexture name="grunt is dead :)0005" x="347" y="301" width="347" height="301" frameX="0" frameY="0" frameWidth="347" frameHeight="301" />
<SubTexture name="grunt is dead :)0006" x="694" y="301" width="347" height="301" frameX="0" frameY="0" frameWidth="347" frameHeight="301" />
<SubTexture name="grunt is dead :)0007" x="1041" y="301" width="347" height="301" frameX="0" frameY="0" frameWidth="347" frameHeight="301" />
<SubTexture name="grunt is dead :)0008" x="0" y="602" width="347" height="301" frameX="0" frameY="0" frameWidth="347" frameHeight="301" />
<SubTexture name="grunt is dead :)0009" x="347" y="602" width="347" height="301" frameX="0" frameY="0" frameWidth="347" frameHeight="301" />
<SubTexture name="grunt is dead :)0010" x="694" y="602" width="347" height="301" frameX="0" frameY="0" frameWidth="347" frameHeight="301" />
<SubTexture name="grunt is dead :)0011" x="1041" y="602" width="347" height="301" frameX="0" frameY="0" frameWidth="347" frameHeight="301" />
<SubTexture name="grunt is dead :)0012" x="0" y="903" width="347" height="301" frameX="0" frameY="0" frameWidth="347" frameHeight="301" />
<SubTexture name="grunt is dead :)0013" x="347" y="903" width="347" height="301" frameX="0" frameY="0" frameWidth="347" frameHeight="301" />
<SubTexture name="grunt is dead :)0014" x="694" y="903" width="347" height="301" frameX="0" frameY="0" frameWidth="347" frameHeight="301" />
<SubTexture name="grunt is dead :)0015" x="1041" y="903" width="347" height="301" frameX="0" frameY="0" frameWidth="347" frameHeight="301" />
</TextureAtlas>
