<?xml version='1.0' encoding='utf-8'?>
<TextureAtlas imagePath="hand.png"><SubTexture name="hand idle0000" x="0" y="0" width="383" height="316" frameX="0" frameY="0" frameWidth="383" frameHeight="316" />
<SubTexture name="hand idle0001" x="383" y="0" width="383" height="316" frameX="0" frameY="0" frameWidth="383" frameHeight="316" />
<SubTexture name="hand idle0002" x="766" y="0" width="344" height="350" frameX="0" frameY="0" frameWidth="344" frameHeight="350" />
<SubTexture name="hand idle0003" x="1110" y="0" width="344" height="350" frameX="0" frameY="0" frameWidth="344" frameHeight="350" />
<SubTexture name="hand idle0004" x="0" y="350" width="350" height="373" frameX="0" frameY="0" frameWidth="350" frameHeight="373" />
<SubTexture name="hand idle0005" x="350" y="350" width="350" height="373" frameX="0" frameY="0" frameWidth="350" frameHeight="373" />
<SubTexture name="hand idle0006" x="700" y="350" width="387" height="367" frameX="0" frameY="0" frameWidth="387" frameHeight="367" />
<SubTexture name="hand idle0007" x="1087" y="350" width="387" height="367" frameX="0" frameY="0" frameWidth="387" frameHeight="367" />
<SubTexture name="hand idle0008" x="0" y="723" width="384" height="319" frameX="0" frameY="0" frameWidth="384" frameHeight="319" />
<SubTexture name="hand idle0009" x="384" y="723" width="384" height="319" frameX="0" frameY="0" frameWidth="384" frameHeight="319" />
<SubTexture name="hand idle0010" x="768" y="723" width="378" height="331" frameX="0" frameY="0" frameWidth="378" frameHeight="331" />
<SubTexture name="hand idle0011" x="1146" y="723" width="378" height="331" frameX="0" frameY="0" frameWidth="378" frameHeight="331" />
<SubTexture name="hand idle0012" x="0" y="1054" width="375" height="339" frameX="0" frameY="0" frameWidth="375" frameHeight="339" />
<SubTexture name="hand idle0013" x="375" y="1054" width="375" height="339" frameX="0" frameY="0" frameWidth="375" frameHeight="339" />
</TextureAtlas>
