﻿<?xml version="1.0" encoding="utf-8"?>
<TextureAtlas imagePath="GF_ass_sets.png">
	<!-- Created with Adobe Animate version 21.0.7.42652 -->
	<!-- http://www.adobe.com/products/animate.html -->
	<SubTexture name="GF Dancing Beat0000" x="0" y="0" width="699" height="352" frameX="-2" frameY="0" frameWidth="703" frameHeight="352"/>
	<SubTexture name="GF Dancing Beat0001" x="699" y="0" width="703" height="352"/>
	<SubTexture name="GF Dancing Beat0002" x="699" y="0" width="703" height="352"/>
	<SubTexture name="GF Dancing Beat0003" x="0" y="352" width="699" height="352" frameX="-2" frameY="0" frameWidth="703" frameHeight="352"/>
	<SubTexture name="GF Dancing Beat0004" x="0" y="0" width="699" height="352" frameX="-2" frameY="0" frameWidth="703" frameHeight="352"/>
	<SubTexture name="GF Dancing Beat0005" x="0" y="0" width="699" height="352" frameX="-2" frameY="0" frameWidth="703" frameHeight="352"/>
	<SubTexture name="GF Dancing Beat0006" x="0" y="0" width="699" height="352" frameX="-2" frameY="0" frameWidth="703" frameHeight="352"/>
	<SubTexture name="GF Dancing Beat0007" x="0" y="0" width="699" height="352" frameX="-2" frameY="0" frameWidth="703" frameHeight="352"/>
	<SubTexture name="GF Dancing Beat0008" x="0" y="0" width="699" height="352" frameX="-2" frameY="0" frameWidth="703" frameHeight="352"/>
	<SubTexture name="GF Dancing Beat0009" x="0" y="0" width="699" height="352" frameX="-2" frameY="0" frameWidth="703" frameHeight="352"/>
	<SubTexture name="GF Dancing Beat0010" x="0" y="0" width="699" height="352" frameX="-2" frameY="0" frameWidth="703" frameHeight="352"/>
	<SubTexture name="GF Dancing Beat0011" x="0" y="0" width="699" height="352" frameX="-2" frameY="0" frameWidth="703" frameHeight="352"/>
	<SubTexture name="GF Dancing Beat0012" x="0" y="0" width="699" height="352" frameX="-2" frameY="0" frameWidth="703" frameHeight="352"/>
	<SubTexture name="GF Dancing Beat0013" x="0" y="0" width="699" height="352" frameX="-2" frameY="0" frameWidth="703" frameHeight="352"/>
	<SubTexture name="GF Dancing Beat0014" x="0" y="0" width="699" height="352" frameX="-2" frameY="0" frameWidth="703" frameHeight="352"/>
	<SubTexture name="GF Dancing Beat0015" x="0" y="0" width="699" height="352" frameX="-2" frameY="0" frameWidth="703" frameHeight="352"/>
	<SubTexture name="GF Dancing Beat0016" x="699" y="0" width="703" height="352"/>
	<SubTexture name="GF Dancing Beat0017" x="699" y="0" width="703" height="352"/>
	<SubTexture name="GF Dancing Beat0018" x="0" y="352" width="699" height="352" frameX="-2" frameY="0" frameWidth="703" frameHeight="352"/>
	<SubTexture name="GF Dancing Beat0019" x="0" y="0" width="699" height="352" frameX="-2" frameY="0" frameWidth="703" frameHeight="352"/>
	<SubTexture name="GF Dancing Beat0020" x="0" y="0" width="699" height="352" frameX="-2" frameY="0" frameWidth="703" frameHeight="352"/>
	<SubTexture name="GF Dancing Beat0021" x="0" y="0" width="699" height="352" frameX="-2" frameY="0" frameWidth="703" frameHeight="352"/>
	<SubTexture name="GF Dancing Beat0022" x="0" y="0" width="699" height="352" frameX="-2" frameY="0" frameWidth="703" frameHeight="352"/>
	<SubTexture name="GF Dancing Beat0023" x="0" y="0" width="699" height="352" frameX="-2" frameY="0" frameWidth="703" frameHeight="352"/>
	<SubTexture name="GF Dancing Beat0024" x="0" y="0" width="699" height="352" frameX="-2" frameY="0" frameWidth="703" frameHeight="352"/>
	<SubTexture name="GF Dancing Beat0025" x="0" y="0" width="699" height="352" frameX="-2" frameY="0" frameWidth="703" frameHeight="352"/>
	<SubTexture name="GF Dancing Beat0026" x="0" y="0" width="699" height="352" frameX="-2" frameY="0" frameWidth="703" frameHeight="352"/>
	<SubTexture name="GF Dancing Beat0027" x="0" y="0" width="699" height="352" frameX="-2" frameY="0" frameWidth="703" frameHeight="352"/>
	<SubTexture name="GF Dancing Beat0028" x="0" y="0" width="699" height="352" frameX="-2" frameY="0" frameWidth="703" frameHeight="352"/>
	<SubTexture name="GF Dancing Beat0029" x="0" y="0" width="699" height="352" frameX="-2" frameY="0" frameWidth="703" frameHeight="352"/>
</TextureAtlas>
