{
	"animations": [
		{
			"offsets": [
				0,
				0
			],
			"loop": true,
			"anim": "idle",
			"fps": 24,
			"name": "idle",
			"indices": []
		},
		{
			"offsets": [
				-239,
				-77
			],
			"loop": false,
			"anim": "singLEFT",
			"fps": 24,
			"name": "slash",
			"indices": []
		},
		{
			"offsets": [
				-239,
				-77
			],
			"loop": false,
			"anim": "singDOWN",
			"fps": 24,
			"name": "slash",
			"indices": []
		},
		{
			"offsets": [
				-239,
				-77
			],
			"loop": false,
			"anim": "singUP",
			"fps": 24,
			"name": "slash",
			"indices": []
		},
		{
			"offsets": [
				-239,
				-77
			],
			"loop": false,
			"anim": "singRIGHT",
			"fps": 24,
			"name": "slash",
			"indices": []
		},
		{
			"offsets": [
				-239,
				-77
			],
			"loop": false,
			"anim": "slash",
			"fps": 24,
			"name": "slash",
			"indices": []
		}
	],
	"no_antialiasing": false,
	"image": "characters/chara_dusttale",
	"position": [
		-470,
		20
	],
	"healthicon": "chara_dusttale",
	"flip_x": false,
	"healthbar_colors": [
		215,
		40,
		40
	],
	"camera_position": [
		-220,
		-70
	],
	"sing_duration": 4,
	"scale": 1
}