{
	"animations": [
		{
			"offsets": [
				0,
				0
			],
			"loop": true,
			"anim": "idle",
			"fps": 24,
			"name": "idle",
			"indices": []
		},
		{
			"offsets": [
				0,
				0
			],
			"loop": false,
			"anim": "singLEFT",
			"fps": 24,
			"name": "left",
			"indices": []
		},
		{
			"offsets": [
				0,
				0
			],
			"loop": false,
			"anim": "singDOWN",
			"fps": 24,
			"name": "down",
			"indices": []
		},
		{
			"offsets": [
				0,
				0
			],
			"loop": false,
			"anim": "singUP",
			"fps": 24,
			"name": "up",
			"indices": []
		},
		{
			"offsets": [
				0,
				0
			],
			"loop": false,
			"anim": "singRIGHT",
			"fps": 24,
			"name": "right",
			"indices": []
		},
		{
			"offsets": [
				0,
				0
			],
			"loop": false,
			"anim": "swing_down",
			"fps": 24,
			"name": "swingDown",
			"indices": []
		},
		{
			"offsets": [
				0,
				0
			],
			"loop": false,
			"anim": "swing_up",
			"fps": 24,
			"name": "swingUp",
			"indices": []
		}
	],
	"no_antialiasing": false,
	"image": "characters/sans_dusttale_mad",
	"position": [
		-330,
		-55
	],
	"healthicon": "sans_dusttale_mad",
	"flip_x": false,
	"healthbar_colors": [
		173,
		153,
		153
	],
	"camera_position": [
		0,
		10
	],
	"sing_duration": 4,
	"scale": 1
}