{
	"animations": [
		{
			"offsets": [
				-7,
				15
			],
			"loop": false,
			"anim": "singLEFT",
			"fps": 24,
			"name": "Dad Sing Note LEFT",
			"indices": []
		},
		{
			"offsets": [
				1,
				-33
			],
			"loop": false,
			"anim": "singDOWN",
			"fps": 24,
			"name": "Dad Sing Note DOWN",
			"indices": []
		},
		{
			"offsets": [
				-8,
				23
			],
			"loop": false,
			"anim": "singRIGHT",
			"fps": 24,
			"name": "Dad Sing Note RIGHT",
			"indices": []
		},
		{
			"offsets": [
				0,
				0
			],
			"loop": false,
			"anim": "idle",
			"fps": 24,
			"name": "Dad idle dance",
			"indices": []
		},
		{
			"offsets": [
				0,
				0
			],
			"loop": true,
			"fps": 24,
			"anim": "idle-loop",
			"indices": [
				10,
				11,
				12,
				12
			],
			"name": "Dad idle dance"
		},
		{
			"offsets": [
				-8,
				14
			],
			"loop": true,
			"fps": 24,
			"anim": "singLEFT-loop",
			"indices": [
				12,
				13,
				14,
				15
			],
			"name": "Dad Sing Note LEFT"
		},
		{
			"offsets": [
				-8,
				23
			],
			"loop": true,
			"fps": 24,
			"anim": "singRIGHT-loop",
			"indices": [
				15,
				16,
				17,
				18
			],
			"name": "Dad Sing Note RIGHT"
		},
		{
			"loop": false,
			"offsets": [
				-7,
				47
			],
			"anim": "singUP",
			"fps": 24,
			"name": "Dad Sing Note UP",
			"indices": []
		},
		{
			"loop": true,
			"offsets": [
				-7,
				47
			],
			"anim": "singUP-loop",
			"fps": 24,
			"name": "Dad Sing Note UP",
			"indices": [
				5,
				6,
				7,
				8
			]
		},
		{
			"loop": true,
			"offsets": [
				-1,
				-33
			],
			"anim": "singDOWN-loop",
			"fps": 24,
			"name": "Dad Sing Note DOWN",
			"indices": [
				5,
				6,
				7,
				8
			]
		},
		{
			"offsets": [
				-8,
				-24
			],
			"indices": [],
			"fps": 24,
			"anim": "scared",
			"loop": true,
			"name": "DAD SCARED"
		}
	],
	"no_antialiasing": false,
	"image": "characters/DADDY_ERECTER",
	"position": [
		60,
		-100
	],
	"healthicon": "daddy-erect",
	"flip_x": false,
	"healthbar_colors": [
		171,
		58,
		106
	],
	"camera_position": [
		60,
		100
	],
	"sing_duration": 6.1,
	"scale": 1
}