﻿<?xml version="1.0" encoding="utf-8"?><TextureAtlas imagePath="binej_dj.png"><SubTexture name="dance0000" x="5155" y="4875" width="1032" height="797" frameX="0" frameY="-20" frameWidth="1032" frameHeight="817"/><SubTexture name="dance0001" x="6187" y="4877" width="1032" height="797" frameX="0" frameY="-20" frameWidth="1032" frameHeight="817"/><SubTexture name="dance0002" x="4124" y="4071" width="1031" height="804" frameX="0" frameY="-13" frameWidth="1032" frameHeight="817"/><SubTexture name="dance0003" x="5155" y="4071" width="1031" height="804" frameX="0" frameY="-13" frameWidth="1032" frameHeight="817"/><SubTexture name="dance0004" x="6213" y="3260" width="1031" height="810" frameX="0" frameY="-7" frameWidth="1032" frameHeight="817"/><SubTexture name="dance0005" x="5156" y="3261" width="1031" height="810" frameX="0" frameY="-7" frameWidth="1032" frameHeight="817"/><SubTexture name="dance0006" x="4151" y="1628" width="1031" height="815" frameX="0" frameY="-2" frameWidth="1032" frameHeight="817"/><SubTexture name="dance0007" x="5182" y="1633" width="1031" height="815" frameX="0" frameY="-2" frameWidth="1032" frameHeight="817"/><SubTexture name="dance0008" x="4151" y="2443" width="1031" height="815" frameX="0" frameY="-2" frameWidth="1032" frameHeight="817"/><SubTexture name="dance0009" x="2063" y="1640" width="1031" height="815" frameX="0" frameY="-2" frameWidth="1032" frameHeight="817"/><SubTexture name="dance0010" x="6232" y="816" width="1031" height="816" frameX="0" frameY="-1" frameWidth="1032" frameHeight="817"/><SubTexture name="dance0011" x="5193" y="817" width="1031" height="816" frameX="0" frameY="-1" frameWidth="1032" frameHeight="817"/><SubTexture name="dance0012" x="6224" y="1632" width="1031" height="816" frameX="0" frameY="-1" frameWidth="1032" frameHeight="817"/><SubTexture name="dance0013" x="3120" y="1628" width="1031" height="816" frameX="0" frameY="-1" frameWidth="1032" frameHeight="817"/><SubTexture name="dance0014" x="5201" y="0" width="1031" height="817" frameX="0" frameY="0" frameWidth="1032" frameHeight="817"/><SubTexture name="dance0015" x="4162" y="811" width="1031" height="817" frameX="0" frameY="0" frameWidth="1032" frameHeight="817"/><SubTexture name="dance0016" x="5155" y="5672" width="1032" height="794" frameX="0" frameY="-23" frameWidth="1032" frameHeight="817"/><SubTexture name="dance0017" x="0" y="6466" width="1032" height="794" frameX="0" frameY="-23" frameWidth="1032" frameHeight="817"/><SubTexture name="dance0018" x="4124" y="5673" width="1031" height="794" frameX="0" frameY="-23" frameWidth="1032" frameHeight="817"/><SubTexture name="dance0019" x="2062" y="4889" width="1031" height="794" frameX="0" frameY="-23" frameWidth="1032" frameHeight="817"/><SubTexture name="dance0020" x="4124" y="4875" width="1031" height="798" frameX="0" frameY="-19" frameWidth="1032" frameHeight="817"/><SubTexture name="dance0021" x="3093" y="4878" width="1031" height="798" frameX="0" frameY="-19" frameWidth="1032" frameHeight="817"/><SubTexture name="dance0022" x="1031" y="3285" width="1031" height="812" frameX="0" frameY="-5" frameWidth="1032" frameHeight="817"/><SubTexture name="dance0023" x="6213" y="2448" width="1031" height="812" frameX="0" frameY="-5" frameWidth="1032" frameHeight="817"/><SubTexture name="dance0024" x="5182" y="2448" width="1031" height="813" frameX="0" frameY="-4" frameWidth="1032" frameHeight="817"/><SubTexture name="dance0025" x="4125" y="3258" width="1031" height="813" frameX="0" frameY="-4" frameWidth="1032" frameHeight="817"/><SubTexture name="dance0026" x="1031" y="1656" width="1031" height="815" frameX="0" frameY="-2" frameWidth="1032" frameHeight="817"/><SubTexture name="dance0027" x="0" y="2469" width="1031" height="815" frameX="0" frameY="-2" frameWidth="1032" frameHeight="817"/><SubTexture name="dance0028" x="3094" y="2444" width="1031" height="815" frameX="0" frameY="-2" frameWidth="1032" frameHeight="817"/><SubTexture name="dance0029" x="2062" y="2455" width="1031" height="815" frameX="0" frameY="-2" frameWidth="1032" frameHeight="817"/><SubTexture name="dance0030" x="1031" y="2471" width="1031" height="814" frameX="0" frameY="-3" frameWidth="1032" frameHeight="817"/><SubTexture name="dance0031" x="0" y="3284" width="1031" height="814" frameX="0" frameY="-3" frameWidth="1032" frameHeight="817"/><SubTexture name="scratch_left0000" x="6189" y="7229" width="1032" height="755" frameX="0" frameY="-15" frameWidth="1032" frameHeight="770"/><SubTexture name="scratch_left0001" x="1031" y="5696" width="1032" height="770"/><SubTexture name="scratch_left0002" x="3095" y="7254" width="1031" height="770" frameX="0" frameY="0" frameWidth="1032" frameHeight="770"/><SubTexture name="scratch_left0003" x="0" y="5697" width="1031" height="763" frameX="0" frameY="-7" frameWidth="1032" frameHeight="770"/><SubTexture name="scratch_left0004" x="4128" y="6467" width="1031" height="763" frameX="0" frameY="-7" frameWidth="1032" frameHeight="770"/><SubTexture name="scratch_left0005" x="3096" y="6467" width="1032" height="763" frameX="0" frameY="-7" frameWidth="1032" frameHeight="770"/><SubTexture name="scratch_left0006" x="4126" y="7230" width="1032" height="763" frameX="0" frameY="-7" frameWidth="1032" frameHeight="770"/><SubTexture name="scratch_left0007" x="5158" y="7230" width="1031" height="763" frameX="0" frameY="-7" frameWidth="1032" frameHeight="770"/><SubTexture name="scratch_left0008" x="5159" y="6466" width="1031" height="763" frameX="0" frameY="-7" frameWidth="1032" frameHeight="770"/><SubTexture name="scratch_right0000" x="6187" y="5674" width="1032" height="762" frameX="0" frameY="-30" frameWidth="1032" frameHeight="792"/><SubTexture name="scratch_right0001" x="1031" y="4904" width="1031" height="792" frameX="0" frameY="0" frameWidth="1032" frameHeight="792"/><SubTexture name="scratch_right0002" x="0" y="4905" width="1031" height="792" frameX="0" frameY="0" frameWidth="1032" frameHeight="792"/><SubTexture name="scratch_right0003" x="3093" y="5676" width="1031" height="787" frameX="0" frameY="-5" frameWidth="1032" frameHeight="792"/><SubTexture name="scratch_right0004" x="2064" y="7254" width="1031" height="787" frameX="0" frameY="-5" frameWidth="1032" frameHeight="792"/><SubTexture name="scratch_right0005" x="0" y="7260" width="1032" height="787" frameX="0" frameY="-5" frameWidth="1032" frameHeight="792"/><SubTexture name="scratch_right0006" x="1032" y="6467" width="1032" height="787" frameX="0" frameY="-5" frameWidth="1032" frameHeight="792"/><SubTexture name="scratch_right0007" x="1032" y="7254" width="1032" height="787" frameX="0" frameY="-5" frameWidth="1032" frameHeight="792"/><SubTexture name="scratch_right0008" x="2064" y="6467" width="1032" height="787" frameX="0" frameY="-5" frameWidth="1032" frameHeight="792"/><SubTexture name="mad0000" x="4162" y="0" width="1039" height="811" frameX="-1" frameY="-29" frameWidth="1059" frameHeight="840"/><SubTexture name="mad0001" x="1059" y="0" width="1030" height="840" frameX="-9" frameY="0" frameWidth="1059" frameHeight="840"/><SubTexture name="mad0002" x="0" y="0" width="1059" height="829" frameX="0" frameY="-11" frameWidth="1059" frameHeight="840"/><SubTexture name="mad0003" x="3121" y="0" width="1041" height="812" frameX="0" frameY="-28" frameWidth="1059" frameHeight="840"/><SubTexture name="mad0004" x="6187" y="4070" width="1031" height="807" frameX="-3" frameY="-33" frameWidth="1059" frameHeight="840"/><SubTexture name="mad0005" x="3093" y="4071" width="1031" height="807" frameX="-3" frameY="-33" frameWidth="1059" frameHeight="840"/><SubTexture name="mad0006" x="2062" y="4082" width="1031" height="807" frameX="-3" frameY="-33" frameWidth="1059" frameHeight="840"/><SubTexture name="mad0007" x="1031" y="4097" width="1031" height="807" frameX="-3" frameY="-33" frameWidth="1059" frameHeight="840"/><SubTexture name="mad0008" x="0" y="4098" width="1031" height="807" frameX="-3" frameY="-33" frameWidth="1059" frameHeight="840"/><SubTexture name="hey0000" x="0" y="829" width="1032" height="824"/><SubTexture name="hey0001" x="2089" y="0" width="1032" height="824"/><SubTexture name="hey0002" x="3093" y="3259" width="1031" height="812" frameX="0" frameY="-12" frameWidth="1032" frameHeight="824"/><SubTexture name="hey0003" x="2062" y="3270" width="1031" height="812" frameX="0" frameY="-12" frameWidth="1032" frameHeight="824"/><SubTexture name="hey0004" x="3121" y="812" width="1031" height="816" frameX="0" frameY="-8" frameWidth="1032" frameHeight="824"/><SubTexture name="hey0005" x="2089" y="824" width="1031" height="816" frameX="0" frameY="-8" frameWidth="1032" frameHeight="824"/><SubTexture name="hey0006" x="1032" y="840" width="1031" height="816" frameX="0" frameY="-8" frameWidth="1032" frameHeight="824"/><SubTexture name="hey0007" x="0" y="1653" width="1031" height="816" frameX="0" frameY="-8" frameWidth="1032" frameHeight="824"/><SubTexture name="hey0008" x="6232" y="0" width="1031" height="816" frameX="0" frameY="-8" frameWidth="1032" frameHeight="824"/><SubTexture name="hey0009" x="1032" y="840" width="1031" height="816" frameX="0" frameY="-8" frameWidth="1032" frameHeight="824"/><SubTexture name="hey0010" x="0" y="1653" width="1031" height="816" frameX="0" frameY="-8" frameWidth="1032" frameHeight="824"/></TextureAtlas>
