﻿<?xml version="1.0" encoding="utf-8"?>
<TextureAtlas imagePath="chara_bf.png">
	<!-- Created with Adobe Animate version 21.0.4.39603 -->
	<!-- http://www.adobe.com/products/animate.html -->
	<SubTexture name="BF Dead Loop0000" x="0" y="0" width="438" height="435"/>
	<SubTexture name="BF Dead Loop0001" x="438" y="0" width="438" height="435"/>
	<SubTexture name="BF Dead Loop0002" x="876" y="0" width="438" height="435"/>
	<SubTexture name="BF Dead Loop0003" x="1314" y="0" width="438" height="435"/>
	<SubTexture name="BF Dead Loop0004" x="1752" y="0" width="438" height="435"/>
	<SubTexture name="BF Dead Loop0005" x="2190" y="0" width="438" height="435"/>
	<SubTexture name="BF Dead Loop0006" x="2628" y="0" width="438" height="435"/>
	<SubTexture name="BF Dead Loop0007" x="3066" y="0" width="438" height="435"/>
	<SubTexture name="BF Dead Loop0008" x="3504" y="0" width="438" height="435"/>
	<SubTexture name="BF Dead Loop0009" x="3942" y="0" width="438" height="435"/>
	<SubTexture name="BF Dead Loop0010" x="4380" y="0" width="438" height="435"/>
	<SubTexture name="BF Dead Loop0011" x="4818" y="0" width="438" height="435"/>
	<SubTexture name="BF Dead Loop0012" x="3504" y="0" width="438" height="435"/>
	<SubTexture name="BF Dead Loop0013" x="3942" y="0" width="438" height="435"/>
	<SubTexture name="BF Dead Loop0014" x="4380" y="0" width="438" height="435"/>
	<SubTexture name="BF Dead Loop0015" x="4818" y="0" width="438" height="435"/>
	<SubTexture name="BF Dead Loop0016" x="3504" y="0" width="438" height="435"/>
	<SubTexture name="BF Dead Loop0017" x="5256" y="0" width="438" height="435"/>
	<SubTexture name="BF Dead Loop0018" x="876" y="0" width="438" height="435"/>
	<SubTexture name="BF Dead Loop0019" x="5694" y="0" width="438" height="435"/>
	<SubTexture name="BF Dead Loop0020" x="1752" y="0" width="438" height="435"/>
	<SubTexture name="BF Dead Loop0021" x="6132" y="0" width="438" height="435"/>
	<SubTexture name="BF Dead Loop0022" x="2628" y="0" width="438" height="435"/>
	<SubTexture name="BF Dead Loop0023" x="6570" y="0" width="438" height="435"/>
	<SubTexture name="BF Dead Loop0024" x="3504" y="0" width="438" height="435"/>
	<SubTexture name="BF Dead Loop0025" x="3942" y="0" width="438" height="435"/>
	<SubTexture name="BF Dead Loop0026" x="4380" y="0" width="438" height="435"/>
	<SubTexture name="BF Dead Loop0027" x="4818" y="0" width="438" height="435"/>
	<SubTexture name="BF Dead Loop0028" x="3504" y="0" width="438" height="435"/>
	<SubTexture name="BF Dead Loop0029" x="3942" y="0" width="438" height="435"/>
	<SubTexture name="BF Dead Loop0030" x="7008" y="0" width="438" height="435"/>
	<SubTexture name="BF Dead Loop0031" x="4818" y="0" width="438" height="435"/>
	<SubTexture name="BF Dead Loop0032" x="3504" y="0" width="438" height="435"/>
	<SubTexture name="BF Dead Loop0033" x="3942" y="0" width="438" height="435"/>
	<SubTexture name="BF Dead confirm0000" x="7446" y="0" width="439" height="435" frameX="0" frameY="-64" frameWidth="439" frameHeight="499"/>
	<SubTexture name="BF Dead confirm0001" x="0" y="435" width="439" height="469" frameX="0" frameY="-30" frameWidth="439" frameHeight="499"/>
	<SubTexture name="BF Dead confirm0002" x="439" y="435" width="439" height="499"/>
	<SubTexture name="BF Dead confirm0003" x="878" y="435" width="439" height="469" frameX="0" frameY="-30" frameWidth="439" frameHeight="499"/>
	<SubTexture name="BF Dead confirm0004" x="1317" y="435" width="439" height="469" frameX="0" frameY="-30" frameWidth="439" frameHeight="499"/>
	<SubTexture name="BF Dead confirm0005" x="1756" y="435" width="439" height="469" frameX="0" frameY="-30" frameWidth="439" frameHeight="499"/>
	<SubTexture name="BF Dead confirm0006" x="2195" y="435" width="439" height="469" frameX="0" frameY="-30" frameWidth="439" frameHeight="499"/>
	<SubTexture name="BF Dead confirm0007" x="2634" y="435" width="439" height="469" frameX="0" frameY="-30" frameWidth="439" frameHeight="499"/>
	<SubTexture name="BF Dead confirm0008" x="3073" y="435" width="439" height="469" frameX="0" frameY="-30" frameWidth="439" frameHeight="499"/>
	<SubTexture name="BF Dead confirm0009" x="3512" y="435" width="439" height="469" frameX="0" frameY="-30" frameWidth="439" frameHeight="499"/>
	<SubTexture name="BF Dead confirm0010" x="3951" y="435" width="439" height="469" frameX="0" frameY="-30" frameWidth="439" frameHeight="499"/>
	<SubTexture name="BF Dead confirm0011" x="4390" y="435" width="439" height="469" frameX="0" frameY="-30" frameWidth="439" frameHeight="499"/>
	<SubTexture name="BF Dead confirm0012" x="4829" y="435" width="439" height="469" frameX="0" frameY="-30" frameWidth="439" frameHeight="499"/>
	<SubTexture name="BF Dead confirm0013" x="5268" y="435" width="439" height="469" frameX="0" frameY="-30" frameWidth="439" frameHeight="499"/>
	<SubTexture name="BF Dead confirm0014" x="5707" y="435" width="439" height="469" frameX="0" frameY="-30" frameWidth="439" frameHeight="499"/>
	<SubTexture name="BF Dead confirm0015" x="6146" y="435" width="439" height="469" frameX="0" frameY="-30" frameWidth="439" frameHeight="499"/>
	<SubTexture name="BF Dead confirm0016" x="6585" y="435" width="439" height="469" frameX="0" frameY="-30" frameWidth="439" frameHeight="499"/>
	<SubTexture name="BF Dead confirm0017" x="7024" y="435" width="439" height="469" frameX="0" frameY="-30" frameWidth="439" frameHeight="499"/>
	<SubTexture name="BF Dead confirm0018" x="7463" y="435" width="439" height="469" frameX="0" frameY="-30" frameWidth="439" frameHeight="499"/>
	<SubTexture name="BF Dead confirm0019" x="0" y="934" width="439" height="469" frameX="0" frameY="-30" frameWidth="439" frameHeight="499"/>
	<SubTexture name="BF Dead confirm0020" x="439" y="934" width="439" height="469" frameX="0" frameY="-30" frameWidth="439" frameHeight="499"/>
	<SubTexture name="BF Dead confirm0021" x="878" y="934" width="439" height="469" frameX="0" frameY="-30" frameWidth="439" frameHeight="499"/>
	<SubTexture name="BF Dead confirm0022" x="1317" y="934" width="439" height="469" frameX="0" frameY="-30" frameWidth="439" frameHeight="499"/>
	<SubTexture name="BF Dead confirm0023" x="1756" y="934" width="439" height="469" frameX="0" frameY="-30" frameWidth="439" frameHeight="499"/>
	<SubTexture name="BF Dead confirm0024" x="1756" y="934" width="439" height="469" frameX="0" frameY="-30" frameWidth="439" frameHeight="499"/>
	<SubTexture name="BF Dead confirm0025" x="1756" y="934" width="439" height="469" frameX="0" frameY="-30" frameWidth="439" frameHeight="499"/>
	<SubTexture name="BF Dead confirm0026" x="1756" y="934" width="439" height="469" frameX="0" frameY="-30" frameWidth="439" frameHeight="499"/>
	<SubTexture name="BF Dead confirm0027" x="1756" y="934" width="439" height="469" frameX="0" frameY="-30" frameWidth="439" frameHeight="499"/>
	<SubTexture name="BF Dead confirm0028" x="1756" y="934" width="439" height="469" frameX="0" frameY="-30" frameWidth="439" frameHeight="499"/>
	<SubTexture name="BF Dead confirm0029" x="1756" y="934" width="439" height="469" frameX="0" frameY="-30" frameWidth="439" frameHeight="499"/>
	<SubTexture name="BF Dead confirm0030" x="1756" y="934" width="439" height="469" frameX="0" frameY="-30" frameWidth="439" frameHeight="499"/>
	<SubTexture name="BF Dead confirm0031" x="1756" y="934" width="439" height="469" frameX="0" frameY="-30" frameWidth="439" frameHeight="499"/>
	<SubTexture name="BF Dead confirm0032" x="1756" y="934" width="439" height="469" frameX="0" frameY="-30" frameWidth="439" frameHeight="499"/>
	<SubTexture name="BF Dead confirm0033" x="1756" y="934" width="439" height="469" frameX="0" frameY="-30" frameWidth="439" frameHeight="499"/>
	<SubTexture name="BF HEY!!0000" x="2195" y="934" width="473" height="416" frameX="0" frameY="0" frameWidth="493" frameHeight="418"/>
	<SubTexture name="BF HEY!!0001" x="2195" y="934" width="473" height="416" frameX="0" frameY="0" frameWidth="493" frameHeight="418"/>
	<SubTexture name="BF HEY!!0002" x="2668" y="934" width="488" height="410" frameX="-4" frameY="-8" frameWidth="493" frameHeight="418"/>
	<SubTexture name="BF HEY!!0003" x="2668" y="934" width="488" height="410" frameX="-4" frameY="-8" frameWidth="493" frameHeight="418"/>
	<SubTexture name="BF HEY!!0004" x="3156" y="934" width="489" height="412" frameX="-4" frameY="-6" frameWidth="493" frameHeight="418"/>
	<SubTexture name="BF HEY!!0005" x="3156" y="934" width="489" height="412" frameX="-4" frameY="-6" frameWidth="493" frameHeight="418"/>
	<SubTexture name="BF HEY!!0006" x="3156" y="934" width="489" height="412" frameX="-4" frameY="-6" frameWidth="493" frameHeight="418"/>
	<SubTexture name="BF HEY!!0007" x="3156" y="934" width="489" height="412" frameX="-4" frameY="-6" frameWidth="493" frameHeight="418"/>
	<SubTexture name="BF HEY!!0008" x="3156" y="934" width="489" height="412" frameX="-4" frameY="-6" frameWidth="493" frameHeight="418"/>
	<SubTexture name="BF HEY!!0009" x="3156" y="934" width="489" height="412" frameX="-4" frameY="-6" frameWidth="493" frameHeight="418"/>
	<SubTexture name="BF HEY!!0010" x="3156" y="934" width="489" height="412" frameX="-4" frameY="-6" frameWidth="493" frameHeight="418"/>
	<SubTexture name="BF HEY!!0011" x="3156" y="934" width="489" height="412" frameX="-4" frameY="-6" frameWidth="493" frameHeight="418"/>
	<SubTexture name="BF HEY!!0012" x="3156" y="934" width="489" height="412" frameX="-4" frameY="-6" frameWidth="493" frameHeight="418"/>
	<SubTexture name="BF HEY!!0013" x="3156" y="934" width="489" height="412" frameX="-4" frameY="-6" frameWidth="493" frameHeight="418"/>
	<SubTexture name="BF HEY!!0014" x="3156" y="934" width="489" height="412" frameX="-4" frameY="-6" frameWidth="493" frameHeight="418"/>
	<SubTexture name="BF HEY!!0015" x="3156" y="934" width="489" height="412" frameX="-4" frameY="-6" frameWidth="493" frameHeight="418"/>
	<SubTexture name="BF HEY!!0016" x="3156" y="934" width="489" height="412" frameX="-4" frameY="-6" frameWidth="493" frameHeight="418"/>
	<SubTexture name="BF HEY!!0017" x="3156" y="934" width="489" height="412" frameX="-4" frameY="-6" frameWidth="493" frameHeight="418"/>
	<SubTexture name="BF HEY!!0018" x="3156" y="934" width="489" height="412" frameX="-4" frameY="-6" frameWidth="493" frameHeight="418"/>
	<SubTexture name="BF HEY!!0019" x="3156" y="934" width="489" height="412" frameX="-4" frameY="-6" frameWidth="493" frameHeight="418"/>
	<SubTexture name="BF HEY!!0020" x="3156" y="934" width="489" height="412" frameX="-4" frameY="-6" frameWidth="493" frameHeight="418"/>
	<SubTexture name="BF HEY!!0021" x="3156" y="934" width="489" height="412" frameX="-4" frameY="-6" frameWidth="493" frameHeight="418"/>
	<SubTexture name="BF HEY!!0022" x="3156" y="934" width="489" height="412" frameX="-4" frameY="-6" frameWidth="493" frameHeight="418"/>
	<SubTexture name="BF HEY!!0023" x="3156" y="934" width="489" height="412" frameX="-4" frameY="-6" frameWidth="493" frameHeight="418"/>
	<SubTexture name="BF HEY!!0024" x="3156" y="934" width="489" height="412" frameX="-4" frameY="-6" frameWidth="493" frameHeight="418"/>
	<SubTexture name="BF HEY!!0025" x="3156" y="934" width="489" height="412" frameX="-4" frameY="-6" frameWidth="493" frameHeight="418"/>
	<SubTexture name="BF NOTE DOWN0000" x="3645" y="934" width="357" height="357" frameX="0" frameY="-5" frameWidth="357" frameHeight="362"/>
	<SubTexture name="BF NOTE DOWN0001" x="4002" y="934" width="357" height="357" frameX="0" frameY="-5" frameWidth="357" frameHeight="362"/>
	<SubTexture name="BF NOTE DOWN0002" x="4359" y="934" width="351" height="362" frameX="-4" frameY="0" frameWidth="357" frameHeight="362"/>
	<SubTexture name="BF NOTE DOWN0003" x="4359" y="934" width="351" height="362" frameX="-4" frameY="0" frameWidth="357" frameHeight="362"/>
	<SubTexture name="BF NOTE DOWN0004" x="4359" y="934" width="351" height="362" frameX="-4" frameY="0" frameWidth="357" frameHeight="362"/>
	<SubTexture name="BF NOTE DOWN0005" x="4359" y="934" width="351" height="362" frameX="-4" frameY="0" frameWidth="357" frameHeight="362"/>
	<SubTexture name="BF NOTE DOWN0006" x="4359" y="934" width="351" height="362" frameX="-4" frameY="0" frameWidth="357" frameHeight="362"/>
	<SubTexture name="BF NOTE DOWN0007" x="4359" y="934" width="351" height="362" frameX="-4" frameY="0" frameWidth="357" frameHeight="362"/>
	<SubTexture name="BF NOTE DOWN0008" x="4359" y="934" width="351" height="362" frameX="-4" frameY="0" frameWidth="357" frameHeight="362"/>
	<SubTexture name="BF NOTE DOWN0009" x="4359" y="934" width="351" height="362" frameX="-4" frameY="0" frameWidth="357" frameHeight="362"/>
	<SubTexture name="BF NOTE DOWN0010" x="4359" y="934" width="351" height="362" frameX="-4" frameY="0" frameWidth="357" frameHeight="362"/>
	<SubTexture name="BF NOTE DOWN0011" x="4359" y="934" width="351" height="362" frameX="-4" frameY="0" frameWidth="357" frameHeight="362"/>
	<SubTexture name="BF NOTE DOWN0012" x="4359" y="934" width="351" height="362" frameX="-4" frameY="0" frameWidth="357" frameHeight="362"/>
	<SubTexture name="BF NOTE DOWN0013" x="4359" y="934" width="351" height="362" frameX="-4" frameY="0" frameWidth="357" frameHeight="362"/>
	<SubTexture name="BF NOTE DOWN0014" x="4359" y="934" width="351" height="362" frameX="-4" frameY="0" frameWidth="357" frameHeight="362"/>
	<SubTexture name="BF NOTE DOWN0015" x="4359" y="934" width="351" height="362" frameX="-4" frameY="0" frameWidth="357" frameHeight="362"/>
	<SubTexture name="BF NOTE DOWN0016" x="4359" y="934" width="351" height="362" frameX="-4" frameY="0" frameWidth="357" frameHeight="362"/>
	<SubTexture name="BF NOTE DOWN0017" x="4359" y="934" width="351" height="362" frameX="-4" frameY="0" frameWidth="357" frameHeight="362"/>
	<SubTexture name="BF NOTE DOWN0018" x="4359" y="934" width="351" height="362" frameX="-4" frameY="0" frameWidth="357" frameHeight="362"/>
	<SubTexture name="BF NOTE DOWN0019" x="4359" y="934" width="351" height="362" frameX="-4" frameY="0" frameWidth="357" frameHeight="362"/>
	<SubTexture name="BF NOTE DOWN0020" x="4359" y="934" width="351" height="362" frameX="-4" frameY="0" frameWidth="357" frameHeight="362"/>
	<SubTexture name="BF NOTE DOWN0021" x="4359" y="934" width="351" height="362" frameX="-4" frameY="0" frameWidth="357" frameHeight="362"/>
	<SubTexture name="BF NOTE DOWN0022" x="4359" y="934" width="351" height="362" frameX="-4" frameY="0" frameWidth="357" frameHeight="362"/>
	<SubTexture name="BF NOTE DOWN0023" x="4359" y="934" width="351" height="362" frameX="-4" frameY="0" frameWidth="357" frameHeight="362"/>
	<SubTexture name="BF NOTE DOWN0024" x="4359" y="934" width="351" height="362" frameX="-4" frameY="0" frameWidth="357" frameHeight="362"/>
	<SubTexture name="BF NOTE DOWN0025" x="4359" y="934" width="351" height="362" frameX="-4" frameY="0" frameWidth="357" frameHeight="362"/>
	<SubTexture name="BF NOTE DOWN0026" x="4359" y="934" width="351" height="362" frameX="-4" frameY="0" frameWidth="357" frameHeight="362"/>
	<SubTexture name="BF NOTE DOWN0027" x="4359" y="934" width="351" height="362" frameX="-4" frameY="0" frameWidth="357" frameHeight="362"/>
	<SubTexture name="BF NOTE DOWN0028" x="4359" y="934" width="351" height="362" frameX="-4" frameY="0" frameWidth="357" frameHeight="362"/>
	<SubTexture name="BF NOTE DOWN0029" x="4359" y="934" width="351" height="362" frameX="-4" frameY="0" frameWidth="357" frameHeight="362"/>
	<SubTexture name="BF NOTE DOWN MISS0000" x="4710" y="934" width="357" height="357" frameX="-18" frameY="-35" frameWidth="378" frameHeight="392"/>
	<SubTexture name="BF NOTE DOWN MISS0001" x="5067" y="934" width="376" height="392" frameX="-1" frameY="0" frameWidth="378" frameHeight="392"/>
	<SubTexture name="BF NOTE DOWN MISS0002" x="5067" y="934" width="376" height="392" frameX="-1" frameY="0" frameWidth="378" frameHeight="392"/>
	<SubTexture name="BF NOTE DOWN MISS0003" x="5443" y="934" width="378" height="388" frameX="0" frameY="-4" frameWidth="378" frameHeight="392"/>
	<SubTexture name="BF NOTE DOWN MISS0004" x="5443" y="934" width="378" height="388" frameX="0" frameY="-4" frameWidth="378" frameHeight="392"/>
	<SubTexture name="BF NOTE DOWN MISS0005" x="5443" y="934" width="378" height="388" frameX="0" frameY="-4" frameWidth="378" frameHeight="392"/>
	<SubTexture name="BF NOTE DOWN MISS0006" x="5443" y="934" width="378" height="388" frameX="0" frameY="-4" frameWidth="378" frameHeight="392"/>
	<SubTexture name="BF NOTE DOWN MISS0007" x="5443" y="934" width="378" height="388" frameX="0" frameY="-4" frameWidth="378" frameHeight="392"/>
	<SubTexture name="BF NOTE DOWN MISS0008" x="5443" y="934" width="378" height="388" frameX="0" frameY="-4" frameWidth="378" frameHeight="392"/>
	<SubTexture name="BF NOTE DOWN MISS0009" x="5443" y="934" width="378" height="388" frameX="0" frameY="-4" frameWidth="378" frameHeight="392"/>
	<SubTexture name="BF NOTE DOWN MISS0010" x="5443" y="934" width="378" height="388" frameX="0" frameY="-4" frameWidth="378" frameHeight="392"/>
	<SubTexture name="BF NOTE DOWN MISS0011" x="5443" y="934" width="378" height="388" frameX="0" frameY="-4" frameWidth="378" frameHeight="392"/>
	<SubTexture name="BF NOTE DOWN MISS0012" x="5443" y="934" width="378" height="388" frameX="0" frameY="-4" frameWidth="378" frameHeight="392"/>
	<SubTexture name="BF NOTE DOWN MISS0013" x="5443" y="934" width="378" height="388" frameX="0" frameY="-4" frameWidth="378" frameHeight="392"/>
	<SubTexture name="BF NOTE DOWN MISS0014" x="5443" y="934" width="378" height="388" frameX="0" frameY="-4" frameWidth="378" frameHeight="392"/>
	<SubTexture name="BF NOTE DOWN MISS0015" x="5443" y="934" width="378" height="388" frameX="0" frameY="-4" frameWidth="378" frameHeight="392"/>
	<SubTexture name="BF NOTE DOWN MISS0016" x="5443" y="934" width="378" height="388" frameX="0" frameY="-4" frameWidth="378" frameHeight="392"/>
	<SubTexture name="BF NOTE DOWN MISS0017" x="5443" y="934" width="378" height="388" frameX="0" frameY="-4" frameWidth="378" frameHeight="392"/>
	<SubTexture name="BF NOTE DOWN MISS0018" x="5443" y="934" width="378" height="388" frameX="0" frameY="-4" frameWidth="378" frameHeight="392"/>
	<SubTexture name="BF NOTE DOWN MISS0019" x="5443" y="934" width="378" height="388" frameX="0" frameY="-4" frameWidth="378" frameHeight="392"/>
	<SubTexture name="BF NOTE DOWN MISS0020" x="5443" y="934" width="378" height="388" frameX="0" frameY="-4" frameWidth="378" frameHeight="392"/>
	<SubTexture name="BF NOTE DOWN MISS0021" x="5443" y="934" width="378" height="388" frameX="0" frameY="-4" frameWidth="378" frameHeight="392"/>
	<SubTexture name="BF NOTE DOWN MISS0022" x="5443" y="934" width="378" height="388" frameX="0" frameY="-4" frameWidth="378" frameHeight="392"/>
	<SubTexture name="BF NOTE DOWN MISS0023" x="5443" y="934" width="378" height="388" frameX="0" frameY="-4" frameWidth="378" frameHeight="392"/>
	<SubTexture name="BF NOTE DOWN MISS0024" x="5443" y="934" width="378" height="388" frameX="0" frameY="-4" frameWidth="378" frameHeight="392"/>
	<SubTexture name="BF NOTE DOWN MISS0025" x="5443" y="934" width="378" height="388" frameX="0" frameY="-4" frameWidth="378" frameHeight="392"/>
	<SubTexture name="BF NOTE DOWN MISS0026" x="5443" y="934" width="378" height="388" frameX="0" frameY="-4" frameWidth="378" frameHeight="392"/>
	<SubTexture name="BF NOTE DOWN MISS0027" x="5443" y="934" width="378" height="388" frameX="0" frameY="-4" frameWidth="378" frameHeight="392"/>
	<SubTexture name="BF NOTE DOWN MISS0028" x="5443" y="934" width="378" height="388" frameX="0" frameY="-4" frameWidth="378" frameHeight="392"/>
	<SubTexture name="BF NOTE LEFT0000" x="5821" y="934" width="398" height="406" frameX="0" frameY="0" frameWidth="400" frameHeight="406"/>
	<SubTexture name="BF NOTE LEFT0001" x="6219" y="934" width="398" height="406" frameX="0" frameY="0" frameWidth="400" frameHeight="406"/>
	<SubTexture name="BF NOTE LEFT0002" x="6617" y="934" width="378" height="404" frameX="-22" frameY="-2" frameWidth="400" frameHeight="406"/>
	<SubTexture name="BF NOTE LEFT0003" x="6617" y="934" width="378" height="404" frameX="-22" frameY="-2" frameWidth="400" frameHeight="406"/>
	<SubTexture name="BF NOTE LEFT0004" x="6617" y="934" width="378" height="404" frameX="-22" frameY="-2" frameWidth="400" frameHeight="406"/>
	<SubTexture name="BF NOTE LEFT0005" x="6617" y="934" width="378" height="404" frameX="-22" frameY="-2" frameWidth="400" frameHeight="406"/>
	<SubTexture name="BF NOTE LEFT0006" x="6617" y="934" width="378" height="404" frameX="-22" frameY="-2" frameWidth="400" frameHeight="406"/>
	<SubTexture name="BF NOTE LEFT0007" x="6617" y="934" width="378" height="404" frameX="-22" frameY="-2" frameWidth="400" frameHeight="406"/>
	<SubTexture name="BF NOTE LEFT0008" x="6617" y="934" width="378" height="404" frameX="-22" frameY="-2" frameWidth="400" frameHeight="406"/>
	<SubTexture name="BF NOTE LEFT0009" x="6617" y="934" width="378" height="404" frameX="-22" frameY="-2" frameWidth="400" frameHeight="406"/>
	<SubTexture name="BF NOTE LEFT0010" x="6617" y="934" width="378" height="404" frameX="-22" frameY="-2" frameWidth="400" frameHeight="406"/>
	<SubTexture name="BF NOTE LEFT0011" x="6617" y="934" width="378" height="404" frameX="-22" frameY="-2" frameWidth="400" frameHeight="406"/>
	<SubTexture name="BF NOTE LEFT0012" x="6617" y="934" width="378" height="404" frameX="-22" frameY="-2" frameWidth="400" frameHeight="406"/>
	<SubTexture name="BF NOTE LEFT0013" x="6617" y="934" width="378" height="404" frameX="-22" frameY="-2" frameWidth="400" frameHeight="406"/>
	<SubTexture name="BF NOTE LEFT MISS0000" x="6995" y="934" width="398" height="406" frameX="0" frameY="-26" frameWidth="399" frameHeight="432"/>
	<SubTexture name="BF NOTE LEFT MISS0001" x="7393" y="934" width="369" height="430" frameX="-30" frameY="0" frameWidth="399" frameHeight="432"/>
	<SubTexture name="BF NOTE LEFT MISS0002" x="7393" y="934" width="369" height="430" frameX="-30" frameY="0" frameWidth="399" frameHeight="432"/>
	<SubTexture name="BF NOTE LEFT MISS0003" x="7762" y="934" width="370" height="430" frameX="-28" frameY="0" frameWidth="399" frameHeight="432"/>
	<SubTexture name="BF NOTE LEFT MISS0004" x="7762" y="934" width="370" height="430" frameX="-28" frameY="0" frameWidth="399" frameHeight="432"/>
	<SubTexture name="BF NOTE LEFT MISS0005" x="7762" y="934" width="370" height="430" frameX="-28" frameY="0" frameWidth="399" frameHeight="432"/>
	<SubTexture name="BF NOTE LEFT MISS0006" x="7762" y="934" width="370" height="430" frameX="-28" frameY="0" frameWidth="399" frameHeight="432"/>
	<SubTexture name="BF NOTE LEFT MISS0007" x="7762" y="934" width="370" height="430" frameX="-28" frameY="0" frameWidth="399" frameHeight="432"/>
	<SubTexture name="BF NOTE LEFT MISS0008" x="7762" y="934" width="370" height="430" frameX="-28" frameY="0" frameWidth="399" frameHeight="432"/>
	<SubTexture name="BF NOTE LEFT MISS0009" x="7762" y="934" width="370" height="430" frameX="-28" frameY="0" frameWidth="399" frameHeight="432"/>
	<SubTexture name="BF NOTE LEFT MISS0010" x="7762" y="934" width="370" height="430" frameX="-28" frameY="0" frameWidth="399" frameHeight="432"/>
	<SubTexture name="BF NOTE LEFT MISS0011" x="7762" y="934" width="370" height="430" frameX="-28" frameY="0" frameWidth="399" frameHeight="432"/>
	<SubTexture name="BF NOTE LEFT MISS0012" x="7762" y="934" width="370" height="430" frameX="-28" frameY="0" frameWidth="399" frameHeight="432"/>
	<SubTexture name="BF NOTE LEFT MISS0013" x="7762" y="934" width="370" height="430" frameX="-28" frameY="0" frameWidth="399" frameHeight="432"/>
	<SubTexture name="BF NOTE LEFT MISS0014" x="7762" y="934" width="370" height="430" frameX="-28" frameY="0" frameWidth="399" frameHeight="432"/>
	<SubTexture name="BF NOTE LEFT MISS0015" x="7762" y="934" width="370" height="430" frameX="-28" frameY="0" frameWidth="399" frameHeight="432"/>
	<SubTexture name="BF NOTE LEFT MISS0016" x="7762" y="934" width="370" height="430" frameX="-28" frameY="0" frameWidth="399" frameHeight="432"/>
	<SubTexture name="BF NOTE LEFT MISS0017" x="7762" y="934" width="370" height="430" frameX="-28" frameY="0" frameWidth="399" frameHeight="432"/>
	<SubTexture name="BF NOTE LEFT MISS0018" x="7762" y="934" width="370" height="430" frameX="-28" frameY="0" frameWidth="399" frameHeight="432"/>
	<SubTexture name="BF NOTE LEFT MISS0019" x="7762" y="934" width="370" height="430" frameX="-28" frameY="0" frameWidth="399" frameHeight="432"/>
	<SubTexture name="BF NOTE LEFT MISS0020" x="7762" y="934" width="370" height="430" frameX="-28" frameY="0" frameWidth="399" frameHeight="432"/>
	<SubTexture name="BF NOTE LEFT MISS0021" x="7762" y="934" width="370" height="430" frameX="-28" frameY="0" frameWidth="399" frameHeight="432"/>
	<SubTexture name="BF NOTE LEFT MISS0022" x="7762" y="934" width="370" height="430" frameX="-28" frameY="0" frameWidth="399" frameHeight="432"/>
	<SubTexture name="BF NOTE LEFT MISS0023" x="7762" y="934" width="370" height="430" frameX="-28" frameY="0" frameWidth="399" frameHeight="432"/>
	<SubTexture name="BF NOTE LEFT MISS0024" x="7762" y="934" width="370" height="430" frameX="-28" frameY="0" frameWidth="399" frameHeight="432"/>
	<SubTexture name="BF NOTE LEFT MISS0025" x="7762" y="934" width="370" height="430" frameX="-28" frameY="0" frameWidth="399" frameHeight="432"/>
	<SubTexture name="BF NOTE LEFT MISS0026" x="7762" y="934" width="370" height="430" frameX="-28" frameY="0" frameWidth="399" frameHeight="432"/>
	<SubTexture name="BF NOTE LEFT MISS0027" x="7762" y="934" width="370" height="430" frameX="-28" frameY="0" frameWidth="399" frameHeight="432"/>
	<SubTexture name="BF NOTE LEFT MISS0028" x="7762" y="934" width="370" height="430" frameX="-28" frameY="0" frameWidth="399" frameHeight="432"/>
	<SubTexture name="BF NOTE LEFT MISS0029" x="7762" y="934" width="370" height="430" frameX="-28" frameY="0" frameWidth="399" frameHeight="432"/>
	<SubTexture name="BF NOTE LEFT MISS0030" x="7762" y="934" width="370" height="430" frameX="-28" frameY="0" frameWidth="399" frameHeight="432"/>
	<SubTexture name="BF NOTE LEFT MISS0031" x="7762" y="934" width="370" height="430" frameX="-28" frameY="0" frameWidth="399" frameHeight="432"/>
	<SubTexture name="BF NOTE LEFT MISS0032" x="7762" y="934" width="370" height="430" frameX="-28" frameY="0" frameWidth="399" frameHeight="432"/>
	<SubTexture name="BF NOTE LEFT MISS0033" x="7762" y="934" width="370" height="430" frameX="-28" frameY="0" frameWidth="399" frameHeight="432"/>
	<SubTexture name="BF NOTE RIGHT0000" x="0" y="1403" width="408" height="405" frameX="-1" frameY="-2" frameWidth="409" frameHeight="407"/>
	<SubTexture name="BF NOTE RIGHT0001" x="408" y="1403" width="408" height="405" frameX="-1" frameY="-2" frameWidth="409" frameHeight="407"/>
	<SubTexture name="BF NOTE RIGHT0002" x="816" y="1403" width="408" height="407" frameX="0" frameY="0" frameWidth="409" frameHeight="407"/>
	<SubTexture name="BF NOTE RIGHT0003" x="816" y="1403" width="408" height="407" frameX="0" frameY="0" frameWidth="409" frameHeight="407"/>
	<SubTexture name="BF NOTE RIGHT0004" x="816" y="1403" width="408" height="407" frameX="0" frameY="0" frameWidth="409" frameHeight="407"/>
	<SubTexture name="BF NOTE RIGHT0005" x="816" y="1403" width="408" height="407" frameX="0" frameY="0" frameWidth="409" frameHeight="407"/>
	<SubTexture name="BF NOTE RIGHT0006" x="816" y="1403" width="408" height="407" frameX="0" frameY="0" frameWidth="409" frameHeight="407"/>
	<SubTexture name="BF NOTE RIGHT0007" x="816" y="1403" width="408" height="407" frameX="0" frameY="0" frameWidth="409" frameHeight="407"/>
	<SubTexture name="BF NOTE RIGHT0008" x="816" y="1403" width="408" height="407" frameX="0" frameY="0" frameWidth="409" frameHeight="407"/>
	<SubTexture name="BF NOTE RIGHT0009" x="816" y="1403" width="408" height="407" frameX="0" frameY="0" frameWidth="409" frameHeight="407"/>
	<SubTexture name="BF NOTE RIGHT0010" x="816" y="1403" width="408" height="407" frameX="0" frameY="0" frameWidth="409" frameHeight="407"/>
	<SubTexture name="BF NOTE RIGHT0011" x="816" y="1403" width="408" height="407" frameX="0" frameY="0" frameWidth="409" frameHeight="407"/>
	<SubTexture name="BF NOTE RIGHT0012" x="816" y="1403" width="408" height="407" frameX="0" frameY="0" frameWidth="409" frameHeight="407"/>
	<SubTexture name="BF NOTE RIGHT0013" x="816" y="1403" width="408" height="407" frameX="0" frameY="0" frameWidth="409" frameHeight="407"/>
	<SubTexture name="BF NOTE RIGHT0014" x="816" y="1403" width="408" height="407" frameX="0" frameY="0" frameWidth="409" frameHeight="407"/>
	<SubTexture name="BF NOTE RIGHT0015" x="816" y="1403" width="408" height="407" frameX="0" frameY="0" frameWidth="409" frameHeight="407"/>
	<SubTexture name="BF NOTE RIGHT0016" x="816" y="1403" width="408" height="407" frameX="0" frameY="0" frameWidth="409" frameHeight="407"/>
	<SubTexture name="BF NOTE RIGHT0017" x="816" y="1403" width="408" height="407" frameX="0" frameY="0" frameWidth="409" frameHeight="407"/>
	<SubTexture name="BF NOTE RIGHT0018" x="816" y="1403" width="408" height="407" frameX="0" frameY="0" frameWidth="409" frameHeight="407"/>
	<SubTexture name="BF NOTE RIGHT0019" x="816" y="1403" width="408" height="407" frameX="0" frameY="0" frameWidth="409" frameHeight="407"/>
	<SubTexture name="BF NOTE RIGHT0020" x="816" y="1403" width="408" height="407" frameX="0" frameY="0" frameWidth="409" frameHeight="407"/>
	<SubTexture name="BF NOTE RIGHT0021" x="816" y="1403" width="408" height="407" frameX="0" frameY="0" frameWidth="409" frameHeight="407"/>
	<SubTexture name="BF NOTE RIGHT0022" x="816" y="1403" width="408" height="407" frameX="0" frameY="0" frameWidth="409" frameHeight="407"/>
	<SubTexture name="BF NOTE RIGHT0023" x="816" y="1403" width="408" height="407" frameX="0" frameY="0" frameWidth="409" frameHeight="407"/>
	<SubTexture name="BF NOTE RIGHT0024" x="816" y="1403" width="408" height="407" frameX="0" frameY="0" frameWidth="409" frameHeight="407"/>
	<SubTexture name="BF NOTE RIGHT0025" x="816" y="1403" width="408" height="407" frameX="0" frameY="0" frameWidth="409" frameHeight="407"/>
	<SubTexture name="BF NOTE RIGHT0026" x="816" y="1403" width="408" height="407" frameX="0" frameY="0" frameWidth="409" frameHeight="407"/>
	<SubTexture name="BF NOTE RIGHT0027" x="816" y="1403" width="408" height="407" frameX="0" frameY="0" frameWidth="409" frameHeight="407"/>
	<SubTexture name="BF NOTE RIGHT0028" x="816" y="1403" width="408" height="407" frameX="0" frameY="0" frameWidth="409" frameHeight="407"/>
	<SubTexture name="BF NOTE RIGHT0029" x="816" y="1403" width="408" height="407" frameX="0" frameY="0" frameWidth="409" frameHeight="407"/>
	<SubTexture name="BF NOTE RIGHT0030" x="816" y="1403" width="408" height="407" frameX="0" frameY="0" frameWidth="409" frameHeight="407"/>
	<SubTexture name="BF NOTE RIGHT0031" x="816" y="1403" width="408" height="407" frameX="0" frameY="0" frameWidth="409" frameHeight="407"/>
	<SubTexture name="BF NOTE RIGHT0032" x="816" y="1403" width="408" height="407" frameX="0" frameY="0" frameWidth="409" frameHeight="407"/>
	<SubTexture name="BF NOTE RIGHT0033" x="816" y="1403" width="408" height="407" frameX="0" frameY="0" frameWidth="409" frameHeight="407"/>
	<SubTexture name="BF NOTE RIGHT0034" x="816" y="1403" width="408" height="407" frameX="0" frameY="0" frameWidth="409" frameHeight="407"/>
	<SubTexture name="BF NOTE RIGHT0035" x="816" y="1403" width="408" height="407" frameX="0" frameY="0" frameWidth="409" frameHeight="407"/>
	<SubTexture name="BF NOTE RIGHT0036" x="816" y="1403" width="408" height="407" frameX="0" frameY="0" frameWidth="409" frameHeight="407"/>
	<SubTexture name="BF NOTE RIGHT0037" x="816" y="1403" width="408" height="407" frameX="0" frameY="0" frameWidth="409" frameHeight="407"/>
	<SubTexture name="BF NOTE RIGHT0038" x="816" y="1403" width="408" height="407" frameX="0" frameY="0" frameWidth="409" frameHeight="407"/>
	<SubTexture name="BF NOTE RIGHT0039" x="816" y="1403" width="408" height="407" frameX="0" frameY="0" frameWidth="409" frameHeight="407"/>
	<SubTexture name="BF NOTE RIGHT0040" x="816" y="1403" width="408" height="407" frameX="0" frameY="0" frameWidth="409" frameHeight="407"/>
	<SubTexture name="BF NOTE RIGHT0041" x="816" y="1403" width="408" height="407" frameX="0" frameY="0" frameWidth="409" frameHeight="407"/>
	<SubTexture name="BF NOTE RIGHT0042" x="816" y="1403" width="408" height="407" frameX="0" frameY="0" frameWidth="409" frameHeight="407"/>
	<SubTexture name="BF NOTE RIGHT0043" x="816" y="1403" width="408" height="407" frameX="0" frameY="0" frameWidth="409" frameHeight="407"/>
	<SubTexture name="BF NOTE RIGHT0044" x="816" y="1403" width="408" height="407" frameX="0" frameY="0" frameWidth="409" frameHeight="407"/>
	<SubTexture name="BF NOTE RIGHT0045" x="816" y="1403" width="408" height="407" frameX="0" frameY="0" frameWidth="409" frameHeight="407"/>
	<SubTexture name="BF NOTE RIGHT0046" x="816" y="1403" width="408" height="407" frameX="0" frameY="0" frameWidth="409" frameHeight="407"/>
	<SubTexture name="BF NOTE RIGHT0047" x="816" y="1403" width="408" height="407" frameX="0" frameY="0" frameWidth="409" frameHeight="407"/>
	<SubTexture name="BF NOTE RIGHT0048" x="816" y="1403" width="408" height="407" frameX="0" frameY="0" frameWidth="409" frameHeight="407"/>
	<SubTexture name="BF NOTE RIGHT0049" x="816" y="1403" width="408" height="407" frameX="0" frameY="0" frameWidth="409" frameHeight="407"/>
	<SubTexture name="BF NOTE RIGHT0050" x="816" y="1403" width="408" height="407" frameX="0" frameY="0" frameWidth="409" frameHeight="407"/>
	<SubTexture name="BF NOTE RIGHT0051" x="816" y="1403" width="408" height="407" frameX="0" frameY="0" frameWidth="409" frameHeight="407"/>
	<SubTexture name="BF NOTE RIGHT0052" x="816" y="1403" width="408" height="407" frameX="0" frameY="0" frameWidth="409" frameHeight="407"/>
	<SubTexture name="BF NOTE RIGHT0053" x="816" y="1403" width="408" height="407" frameX="0" frameY="0" frameWidth="409" frameHeight="407"/>
	<SubTexture name="BF NOTE RIGHT0054" x="816" y="1403" width="408" height="407" frameX="0" frameY="0" frameWidth="409" frameHeight="407"/>
	<SubTexture name="BF NOTE RIGHT0055" x="816" y="1403" width="408" height="407" frameX="0" frameY="0" frameWidth="409" frameHeight="407"/>
	<SubTexture name="BF NOTE RIGHT0056" x="816" y="1403" width="408" height="407" frameX="0" frameY="0" frameWidth="409" frameHeight="407"/>
	<SubTexture name="BF NOTE RIGHT0057" x="816" y="1403" width="408" height="407" frameX="0" frameY="0" frameWidth="409" frameHeight="407"/>
	<SubTexture name="BF NOTE RIGHT0058" x="816" y="1403" width="408" height="407" frameX="0" frameY="0" frameWidth="409" frameHeight="407"/>
	<SubTexture name="BF NOTE RIGHT0059" x="816" y="1403" width="408" height="407" frameX="0" frameY="0" frameWidth="409" frameHeight="407"/>
	<SubTexture name="BF NOTE RIGHT0060" x="816" y="1403" width="408" height="407" frameX="0" frameY="0" frameWidth="409" frameHeight="407"/>
	<SubTexture name="BF NOTE RIGHT0061" x="816" y="1403" width="408" height="407" frameX="0" frameY="0" frameWidth="409" frameHeight="407"/>
	<SubTexture name="BF NOTE RIGHT MISS0000" x="0" y="1403" width="408" height="405" frameX="-7" frameY="-30" frameWidth="409" frameHeight="407"/>
	<SubTexture name="BF NOTE RIGHT MISS0001" x="1224" y="1403" width="395" height="432" frameX="0" frameY="0" frameWidth="415" frameHeight="435"/>
	<SubTexture name="BF NOTE RIGHT MISS0002" x="1224" y="1403" width="395" height="432" frameX="0" frameY="0" frameWidth="415" frameHeight="435"/>
	<SubTexture name="BF NOTE RIGHT MISS0003" x="1619" y="1403" width="400" height="432" frameX="-1" frameY="0" frameWidth="415" frameHeight="435"/>
	<SubTexture name="BF NOTE RIGHT MISS0004" x="1619" y="1403" width="400" height="432" frameX="-1" frameY="0" frameWidth="415" frameHeight="435"/>
	<SubTexture name="BF NOTE RIGHT MISS0005" x="1619" y="1403" width="400" height="432" frameX="-1" frameY="0" frameWidth="415" frameHeight="435"/>
	<SubTexture name="BF NOTE RIGHT MISS0006" x="1619" y="1403" width="400" height="432" frameX="-1" frameY="0" frameWidth="415" frameHeight="435"/>
	<SubTexture name="BF NOTE RIGHT MISS0007" x="1619" y="1403" width="400" height="432" frameX="-1" frameY="0" frameWidth="415" frameHeight="435"/>
	<SubTexture name="BF NOTE RIGHT MISS0008" x="1619" y="1403" width="400" height="432" frameX="-1" frameY="0" frameWidth="415" frameHeight="435"/>
	<SubTexture name="BF NOTE RIGHT MISS0009" x="1619" y="1403" width="400" height="432" frameX="-1" frameY="0" frameWidth="415" frameHeight="435"/>
	<SubTexture name="BF NOTE RIGHT MISS0010" x="1619" y="1403" width="400" height="432" frameX="-1" frameY="0" frameWidth="415" frameHeight="435"/>
	<SubTexture name="BF NOTE RIGHT MISS0011" x="1619" y="1403" width="400" height="432" frameX="-1" frameY="0" frameWidth="415" frameHeight="435"/>
	<SubTexture name="BF NOTE RIGHT MISS0012" x="1619" y="1403" width="400" height="432" frameX="-1" frameY="0" frameWidth="415" frameHeight="435"/>
	<SubTexture name="BF NOTE RIGHT MISS0013" x="1619" y="1403" width="400" height="432" frameX="-1" frameY="0" frameWidth="415" frameHeight="435"/>
	<SubTexture name="BF NOTE RIGHT MISS0014" x="1619" y="1403" width="400" height="432" frameX="-1" frameY="0" frameWidth="415" frameHeight="435"/>
	<SubTexture name="BF NOTE RIGHT MISS0015" x="1619" y="1403" width="400" height="432" frameX="-1" frameY="0" frameWidth="415" frameHeight="435"/>
	<SubTexture name="BF NOTE RIGHT MISS0016" x="1619" y="1403" width="400" height="432" frameX="-1" frameY="0" frameWidth="415" frameHeight="435"/>
	<SubTexture name="BF NOTE RIGHT MISS0017" x="1619" y="1403" width="400" height="432" frameX="-1" frameY="0" frameWidth="415" frameHeight="435"/>
	<SubTexture name="BF NOTE RIGHT MISS0018" x="1619" y="1403" width="400" height="432" frameX="-1" frameY="0" frameWidth="415" frameHeight="435"/>
	<SubTexture name="BF NOTE RIGHT MISS0019" x="1619" y="1403" width="400" height="432" frameX="-1" frameY="0" frameWidth="415" frameHeight="435"/>
	<SubTexture name="BF NOTE RIGHT MISS0020" x="1619" y="1403" width="400" height="432" frameX="-1" frameY="0" frameWidth="415" frameHeight="435"/>
	<SubTexture name="BF NOTE RIGHT MISS0021" x="1619" y="1403" width="400" height="432" frameX="-1" frameY="0" frameWidth="415" frameHeight="435"/>
	<SubTexture name="BF NOTE RIGHT MISS0022" x="1619" y="1403" width="400" height="432" frameX="-1" frameY="0" frameWidth="415" frameHeight="435"/>
	<SubTexture name="BF NOTE RIGHT MISS0023" x="1619" y="1403" width="400" height="432" frameX="-1" frameY="0" frameWidth="415" frameHeight="435"/>
	<SubTexture name="BF NOTE RIGHT MISS0024" x="1619" y="1403" width="400" height="432" frameX="-1" frameY="0" frameWidth="415" frameHeight="435"/>
	<SubTexture name="BF NOTE RIGHT MISS0025" x="1619" y="1403" width="400" height="432" frameX="-1" frameY="0" frameWidth="415" frameHeight="435"/>
	<SubTexture name="BF NOTE RIGHT MISS0026" x="1619" y="1403" width="400" height="432" frameX="-1" frameY="0" frameWidth="415" frameHeight="435"/>
	<SubTexture name="BF NOTE RIGHT MISS0027" x="1619" y="1403" width="400" height="432" frameX="-1" frameY="0" frameWidth="415" frameHeight="435"/>
	<SubTexture name="BF NOTE RIGHT MISS0028" x="1619" y="1403" width="400" height="432" frameX="-1" frameY="0" frameWidth="415" frameHeight="435"/>
	<SubTexture name="BF NOTE RIGHT MISS0029" x="1619" y="1403" width="400" height="432" frameX="-1" frameY="0" frameWidth="415" frameHeight="435"/>
	<SubTexture name="BF NOTE RIGHT MISS0030" x="1619" y="1403" width="400" height="432" frameX="-1" frameY="0" frameWidth="415" frameHeight="435"/>
	<SubTexture name="BF NOTE RIGHT MISS0031" x="1619" y="1403" width="400" height="432" frameX="-1" frameY="0" frameWidth="415" frameHeight="435"/>
	<SubTexture name="BF NOTE RIGHT MISS0032" x="1619" y="1403" width="400" height="432" frameX="-1" frameY="0" frameWidth="415" frameHeight="435"/>
	<SubTexture name="BF NOTE RIGHT MISS0033" x="1619" y="1403" width="400" height="432" frameX="-1" frameY="0" frameWidth="415" frameHeight="435"/>
	<SubTexture name="BF NOTE RIGHT MISS0034" x="1619" y="1403" width="400" height="432" frameX="-1" frameY="0" frameWidth="415" frameHeight="435"/>
	<SubTexture name="BF NOTE RIGHT MISS0035" x="1619" y="1403" width="400" height="432" frameX="-1" frameY="0" frameWidth="415" frameHeight="435"/>
	<SubTexture name="BF NOTE RIGHT MISS0036" x="1619" y="1403" width="400" height="432" frameX="-1" frameY="0" frameWidth="415" frameHeight="435"/>
	<SubTexture name="BF NOTE RIGHT MISS0037" x="1619" y="1403" width="400" height="432" frameX="-1" frameY="0" frameWidth="415" frameHeight="435"/>
	<SubTexture name="BF NOTE RIGHT MISS0038" x="1619" y="1403" width="400" height="432" frameX="-1" frameY="0" frameWidth="415" frameHeight="435"/>
	<SubTexture name="BF NOTE RIGHT MISS0039" x="1619" y="1403" width="400" height="432" frameX="-1" frameY="0" frameWidth="415" frameHeight="435"/>
	<SubTexture name="BF NOTE RIGHT MISS0040" x="1619" y="1403" width="400" height="432" frameX="-1" frameY="0" frameWidth="415" frameHeight="435"/>
	<SubTexture name="BF NOTE RIGHT MISS0041" x="1619" y="1403" width="400" height="432" frameX="-1" frameY="0" frameWidth="415" frameHeight="435"/>
	<SubTexture name="BF NOTE RIGHT MISS0042" x="1619" y="1403" width="400" height="432" frameX="-1" frameY="0" frameWidth="415" frameHeight="435"/>
	<SubTexture name="BF NOTE RIGHT MISS0043" x="1619" y="1403" width="400" height="432" frameX="-1" frameY="0" frameWidth="415" frameHeight="435"/>
	<SubTexture name="BF NOTE RIGHT MISS0044" x="1619" y="1403" width="400" height="432" frameX="-1" frameY="0" frameWidth="415" frameHeight="435"/>
	<SubTexture name="BF NOTE RIGHT MISS0045" x="1619" y="1403" width="400" height="432" frameX="-1" frameY="0" frameWidth="415" frameHeight="435"/>
	<SubTexture name="BF NOTE UP0000" x="2019" y="1403" width="371" height="447" frameX="-4" frameY="0" frameWidth="377" frameHeight="447"/>
	<SubTexture name="BF NOTE UP0001" x="2390" y="1403" width="371" height="447" frameX="-4" frameY="0" frameWidth="377" frameHeight="447"/>
	<SubTexture name="BF NOTE UP0002" x="2761" y="1403" width="377" height="441" frameX="0" frameY="-5" frameWidth="377" frameHeight="447"/>
	<SubTexture name="BF NOTE UP0003" x="2761" y="1403" width="377" height="441" frameX="0" frameY="-5" frameWidth="377" frameHeight="447"/>
	<SubTexture name="BF NOTE UP0004" x="2761" y="1403" width="377" height="441" frameX="0" frameY="-5" frameWidth="377" frameHeight="447"/>
	<SubTexture name="BF NOTE UP0005" x="2761" y="1403" width="377" height="441" frameX="0" frameY="-5" frameWidth="377" frameHeight="447"/>
	<SubTexture name="BF NOTE UP0006" x="2761" y="1403" width="377" height="441" frameX="0" frameY="-5" frameWidth="377" frameHeight="447"/>
	<SubTexture name="BF NOTE UP0007" x="2761" y="1403" width="377" height="441" frameX="0" frameY="-5" frameWidth="377" frameHeight="447"/>
	<SubTexture name="BF NOTE UP0008" x="2761" y="1403" width="377" height="441" frameX="0" frameY="-5" frameWidth="377" frameHeight="447"/>
	<SubTexture name="BF NOTE UP0009" x="2761" y="1403" width="377" height="441" frameX="0" frameY="-5" frameWidth="377" frameHeight="447"/>
	<SubTexture name="BF NOTE UP0010" x="2761" y="1403" width="377" height="441" frameX="0" frameY="-5" frameWidth="377" frameHeight="447"/>
	<SubTexture name="BF NOTE UP0011" x="2761" y="1403" width="377" height="441" frameX="0" frameY="-5" frameWidth="377" frameHeight="447"/>
	<SubTexture name="BF NOTE UP0012" x="2761" y="1403" width="377" height="441" frameX="0" frameY="-5" frameWidth="377" frameHeight="447"/>
	<SubTexture name="BF NOTE UP0013" x="2761" y="1403" width="377" height="441" frameX="0" frameY="-5" frameWidth="377" frameHeight="447"/>
	<SubTexture name="BF NOTE UP0014" x="2761" y="1403" width="377" height="441" frameX="0" frameY="-5" frameWidth="377" frameHeight="447"/>
	<SubTexture name="BF NOTE UP MISS0000" x="2019" y="1403" width="371" height="447" frameX="-7" frameY="0" frameWidth="377" frameHeight="447"/>
	<SubTexture name="BF NOTE UP MISS0001" x="3138" y="1403" width="360" height="427" frameX="0" frameY="-13" frameWidth="378" frameHeight="447"/>
	<SubTexture name="BF NOTE UP MISS0002" x="3138" y="1403" width="360" height="427" frameX="0" frameY="-13" frameWidth="378" frameHeight="447"/>
	<SubTexture name="BF NOTE UP MISS0003" x="3498" y="1403" width="357" height="430" frameX="-1" frameY="-10" frameWidth="378" frameHeight="447"/>
	<SubTexture name="BF NOTE UP MISS0004" x="3498" y="1403" width="357" height="430" frameX="-1" frameY="-10" frameWidth="378" frameHeight="447"/>
	<SubTexture name="BF NOTE UP MISS0005" x="3498" y="1403" width="357" height="430" frameX="-1" frameY="-10" frameWidth="378" frameHeight="447"/>
	<SubTexture name="BF NOTE UP MISS0006" x="3498" y="1403" width="357" height="430" frameX="-1" frameY="-10" frameWidth="378" frameHeight="447"/>
	<SubTexture name="BF NOTE UP MISS0007" x="3498" y="1403" width="357" height="430" frameX="-1" frameY="-10" frameWidth="378" frameHeight="447"/>
	<SubTexture name="BF NOTE UP MISS0008" x="3498" y="1403" width="357" height="430" frameX="-1" frameY="-10" frameWidth="378" frameHeight="447"/>
	<SubTexture name="BF NOTE UP MISS0009" x="3498" y="1403" width="357" height="430" frameX="-1" frameY="-10" frameWidth="378" frameHeight="447"/>
	<SubTexture name="BF NOTE UP MISS0010" x="3498" y="1403" width="357" height="430" frameX="-1" frameY="-10" frameWidth="378" frameHeight="447"/>
	<SubTexture name="BF NOTE UP MISS0011" x="3498" y="1403" width="357" height="430" frameX="-1" frameY="-10" frameWidth="378" frameHeight="447"/>
	<SubTexture name="BF NOTE UP MISS0012" x="3498" y="1403" width="357" height="430" frameX="-1" frameY="-10" frameWidth="378" frameHeight="447"/>
	<SubTexture name="BF NOTE UP MISS0013" x="3498" y="1403" width="357" height="430" frameX="-1" frameY="-10" frameWidth="378" frameHeight="447"/>
	<SubTexture name="BF NOTE UP MISS0014" x="3498" y="1403" width="357" height="430" frameX="-1" frameY="-10" frameWidth="378" frameHeight="447"/>
	<SubTexture name="BF NOTE UP MISS0015" x="3498" y="1403" width="357" height="430" frameX="-1" frameY="-10" frameWidth="378" frameHeight="447"/>
	<SubTexture name="BF NOTE UP MISS0016" x="3498" y="1403" width="357" height="430" frameX="-1" frameY="-10" frameWidth="378" frameHeight="447"/>
	<SubTexture name="BF NOTE UP MISS0017" x="3498" y="1403" width="357" height="430" frameX="-1" frameY="-10" frameWidth="378" frameHeight="447"/>
	<SubTexture name="BF NOTE UP MISS0018" x="3498" y="1403" width="357" height="430" frameX="-1" frameY="-10" frameWidth="378" frameHeight="447"/>
	<SubTexture name="BF NOTE UP MISS0019" x="3498" y="1403" width="357" height="430" frameX="-1" frameY="-10" frameWidth="378" frameHeight="447"/>
	<SubTexture name="BF NOTE UP MISS0020" x="3498" y="1403" width="357" height="430" frameX="-1" frameY="-10" frameWidth="378" frameHeight="447"/>
	<SubTexture name="BF NOTE UP MISS0021" x="3498" y="1403" width="357" height="430" frameX="-1" frameY="-10" frameWidth="378" frameHeight="447"/>
	<SubTexture name="BF NOTE UP MISS0022" x="3498" y="1403" width="357" height="430" frameX="-1" frameY="-10" frameWidth="378" frameHeight="447"/>
	<SubTexture name="BF NOTE UP MISS0023" x="3498" y="1403" width="357" height="430" frameX="-1" frameY="-10" frameWidth="378" frameHeight="447"/>
	<SubTexture name="BF dies0000" x="3855" y="1403" width="433" height="415" frameX="-1" frameY="0" frameWidth="439" frameHeight="445"/>
	<SubTexture name="BF dies0001" x="4288" y="1403" width="433" height="415" frameX="-1" frameY="0" frameWidth="439" frameHeight="445"/>
	<SubTexture name="BF dies0002" x="4721" y="1403" width="439" height="412" frameX="0" frameY="-6" frameWidth="439" frameHeight="445"/>
	<SubTexture name="BF dies0003" x="5160" y="1403" width="439" height="412" frameX="0" frameY="-6" frameWidth="439" frameHeight="445"/>
	<SubTexture name="BF dies0004" x="5599" y="1403" width="439" height="412" frameX="0" frameY="-6" frameWidth="439" frameHeight="445"/>
	<SubTexture name="BF dies0005" x="6038" y="1403" width="439" height="412" frameX="0" frameY="-6" frameWidth="439" frameHeight="445"/>
	<SubTexture name="BF dies0006" x="6477" y="1403" width="439" height="412" frameX="0" frameY="-6" frameWidth="439" frameHeight="445"/>
	<SubTexture name="BF dies0007" x="6916" y="1403" width="439" height="412" frameX="0" frameY="-6" frameWidth="439" frameHeight="445"/>
	<SubTexture name="BF dies0008" x="7355" y="1403" width="439" height="412" frameX="0" frameY="-6" frameWidth="439" frameHeight="445"/>
	<SubTexture name="BF dies0009" x="0" y="1850" width="439" height="412" frameX="0" frameY="-6" frameWidth="439" frameHeight="445"/>
	<SubTexture name="BF dies0010" x="6477" y="1403" width="439" height="412" frameX="0" frameY="-6" frameWidth="439" frameHeight="445"/>
	<SubTexture name="BF dies0011" x="6916" y="1403" width="439" height="412" frameX="0" frameY="-6" frameWidth="439" frameHeight="445"/>
	<SubTexture name="BF dies0012" x="7355" y="1403" width="439" height="412" frameX="0" frameY="-6" frameWidth="439" frameHeight="445"/>
	<SubTexture name="BF dies0013" x="0" y="1850" width="439" height="412" frameX="0" frameY="-6" frameWidth="439" frameHeight="445"/>
	<SubTexture name="BF dies0014" x="6477" y="1403" width="439" height="412" frameX="0" frameY="-6" frameWidth="439" frameHeight="445"/>
	<SubTexture name="BF dies0015" x="439" y="1850" width="439" height="412" frameX="0" frameY="-6" frameWidth="439" frameHeight="445"/>
	<SubTexture name="BF dies0016" x="878" y="1850" width="439" height="412" frameX="0" frameY="-6" frameWidth="439" frameHeight="445"/>
	<SubTexture name="BF dies0017" x="1317" y="1850" width="439" height="412" frameX="0" frameY="-6" frameWidth="439" frameHeight="445"/>
	<SubTexture name="BF dies0018" x="1756" y="1850" width="439" height="412" frameX="0" frameY="-6" frameWidth="439" frameHeight="445"/>
	<SubTexture name="BF dies0019" x="2195" y="1850" width="439" height="412" frameX="0" frameY="-6" frameWidth="439" frameHeight="445"/>
	<SubTexture name="BF dies0020" x="2634" y="1850" width="439" height="412" frameX="0" frameY="-6" frameWidth="439" frameHeight="445"/>
	<SubTexture name="BF dies0021" x="3073" y="1850" width="439" height="412" frameX="0" frameY="-6" frameWidth="439" frameHeight="445"/>
	<SubTexture name="BF dies0022" x="3512" y="1850" width="439" height="412" frameX="0" frameY="-6" frameWidth="439" frameHeight="445"/>
	<SubTexture name="BF dies0023" x="3951" y="1850" width="439" height="412" frameX="0" frameY="-6" frameWidth="439" frameHeight="445"/>
	<SubTexture name="BF dies0024" x="4390" y="1850" width="439" height="412" frameX="0" frameY="-6" frameWidth="439" frameHeight="445"/>
	<SubTexture name="BF dies0025" x="4829" y="1850" width="439" height="439" frameX="0" frameY="-6" frameWidth="439" frameHeight="445"/>
	<SubTexture name="BF dies0026" x="5268" y="1850" width="439" height="439" frameX="0" frameY="-6" frameWidth="439" frameHeight="445"/>
	<SubTexture name="BF dies0027" x="5707" y="1850" width="439" height="434" frameX="0" frameY="-6" frameWidth="439" frameHeight="445"/>
	<SubTexture name="BF dies0028" x="6146" y="1850" width="439" height="434" frameX="0" frameY="-6" frameWidth="439" frameHeight="445"/>
	<SubTexture name="BF dies0029" x="6585" y="1850" width="439" height="435" frameX="0" frameY="-6" frameWidth="439" frameHeight="445"/>
	<SubTexture name="BF dies0030" x="7024" y="1850" width="439" height="435" frameX="0" frameY="-6" frameWidth="439" frameHeight="445"/>
	<SubTexture name="BF dies0031" x="7463" y="1850" width="439" height="435" frameX="0" frameY="-6" frameWidth="439" frameHeight="445"/>
	<SubTexture name="BF dies0032" x="0" y="2289" width="439" height="435" frameX="0" frameY="-6" frameWidth="439" frameHeight="445"/>
	<SubTexture name="BF dies0033" x="439" y="2289" width="439" height="435" frameX="0" frameY="-6" frameWidth="439" frameHeight="445"/>
	<SubTexture name="BF dies0034" x="878" y="2289" width="439" height="435" frameX="0" frameY="-6" frameWidth="439" frameHeight="445"/>
	<SubTexture name="BF dies0035" x="1317" y="2289" width="439" height="435" frameX="0" frameY="-6" frameWidth="439" frameHeight="445"/>
	<SubTexture name="BF dies0036" x="1756" y="2289" width="439" height="435" frameX="0" frameY="-6" frameWidth="439" frameHeight="445"/>
	<SubTexture name="BF dies0037" x="2195" y="2289" width="439" height="435" frameX="0" frameY="-6" frameWidth="439" frameHeight="445"/>
	<SubTexture name="BF dies0038" x="2634" y="2289" width="439" height="435" frameX="0" frameY="-6" frameWidth="439" frameHeight="445"/>
	<SubTexture name="BF dies0039" x="3073" y="2289" width="439" height="435" frameX="0" frameY="-6" frameWidth="439" frameHeight="445"/>
	<SubTexture name="BF dies0040" x="3512" y="2289" width="439" height="435" frameX="0" frameY="-6" frameWidth="439" frameHeight="445"/>
	<SubTexture name="BF dies0041" x="3951" y="2289" width="439" height="435" frameX="0" frameY="-6" frameWidth="439" frameHeight="445"/>
	<SubTexture name="BF dies0042" x="4390" y="2289" width="439" height="435" frameX="0" frameY="-6" frameWidth="439" frameHeight="445"/>
	<SubTexture name="BF dies0043" x="4829" y="2289" width="439" height="435" frameX="0" frameY="-6" frameWidth="439" frameHeight="445"/>
	<SubTexture name="BF dies0044" x="5268" y="2289" width="439" height="435" frameX="0" frameY="-6" frameWidth="439" frameHeight="445"/>
	<SubTexture name="BF dies0045" x="5707" y="2289" width="439" height="435" frameX="0" frameY="-6" frameWidth="439" frameHeight="445"/>
	<SubTexture name="BF dies0046" x="6146" y="2289" width="439" height="435" frameX="0" frameY="-6" frameWidth="439" frameHeight="445"/>
	<SubTexture name="BF dies0047" x="6585" y="2289" width="439" height="435" frameX="0" frameY="-6" frameWidth="439" frameHeight="445"/>
	<SubTexture name="BF dies0048" x="7024" y="2289" width="439" height="435" frameX="0" frameY="-6" frameWidth="439" frameHeight="445"/>
	<SubTexture name="BF dies0049" x="7463" y="2289" width="439" height="435" frameX="0" frameY="-6" frameWidth="439" frameHeight="445"/>
	<SubTexture name="BF dies0050" x="0" y="2724" width="439" height="435" frameX="0" frameY="-6" frameWidth="439" frameHeight="445"/>
	<SubTexture name="BF dies0051" x="439" y="2724" width="439" height="435" frameX="0" frameY="-6" frameWidth="439" frameHeight="445"/>
	<SubTexture name="BF dies0052" x="878" y="2724" width="439" height="435" frameX="0" frameY="-6" frameWidth="439" frameHeight="445"/>
	<SubTexture name="BF dies0053" x="1317" y="2724" width="439" height="435" frameX="0" frameY="-6" frameWidth="439" frameHeight="445"/>
	<SubTexture name="BF dies0054" x="1756" y="2724" width="439" height="435" frameX="0" frameY="-6" frameWidth="439" frameHeight="445"/>
	<SubTexture name="BF dies0055" x="2195" y="2724" width="439" height="435" frameX="0" frameY="-6" frameWidth="439" frameHeight="445"/>
	<SubTexture name="BF dies0056" x="2634" y="2724" width="439" height="435" frameX="0" frameY="-6" frameWidth="439" frameHeight="445"/>
	<SubTexture name="BF dies0057" x="3073" y="2724" width="439" height="435" frameX="0" frameY="-6" frameWidth="439" frameHeight="445"/>
	<SubTexture name="BF hit0000" x="3512" y="2724" width="516" height="425" frameX="-2" frameY="-16" frameWidth="540" frameHeight="441"/>
	<SubTexture name="BF hit0001" x="4028" y="2724" width="511" height="441" frameX="0" frameY="0" frameWidth="540" frameHeight="441"/>
	<SubTexture name="BF hit0002" x="4539" y="2724" width="392" height="418" frameX="-148" frameY="-13" frameWidth="540" frameHeight="441"/>
	<SubTexture name="BF hit0003" x="4931" y="2724" width="392" height="418" frameX="-148" frameY="-13" frameWidth="540" frameHeight="441"/>
	<SubTexture name="BF hit0004" x="5323" y="2724" width="378" height="425" frameX="-147" frameY="-6" frameWidth="540" frameHeight="441"/>
	<SubTexture name="BF hit0005" x="5701" y="2724" width="378" height="425" frameX="-147" frameY="-6" frameWidth="540" frameHeight="441"/>
	<SubTexture name="BF hit0006" x="6079" y="2724" width="392" height="404" frameX="-136" frameY="-27" frameWidth="540" frameHeight="441"/>
	<SubTexture name="BF hit0007" x="6471" y="2724" width="392" height="404" frameX="-136" frameY="-27" frameWidth="540" frameHeight="441"/>
	<SubTexture name="BF hit0008" x="6863" y="2724" width="392" height="404" frameX="-136" frameY="-27" frameWidth="540" frameHeight="441"/>
	<SubTexture name="BF hit0009" x="7255" y="2724" width="392" height="404" frameX="-136" frameY="-27" frameWidth="540" frameHeight="441"/>
	<SubTexture name="BF hit0010" x="6863" y="2724" width="392" height="404" frameX="-136" frameY="-27" frameWidth="540" frameHeight="441"/>
	<SubTexture name="BF hit0011" x="7647" y="2724" width="392" height="404" frameX="-136" frameY="-27" frameWidth="540" frameHeight="441"/>
	<SubTexture name="BF hit0012" x="0" y="3165" width="392" height="404" frameX="-136" frameY="-27" frameWidth="540" frameHeight="441"/>
	<SubTexture name="BF hit0013" x="392" y="3165" width="392" height="404" frameX="-136" frameY="-27" frameWidth="540" frameHeight="441"/>
	<SubTexture name="BF hit0014" x="784" y="3165" width="392" height="404" frameX="-136" frameY="-27" frameWidth="540" frameHeight="441"/>
	<SubTexture name="BF hit0015" x="392" y="3165" width="392" height="404" frameX="-136" frameY="-27" frameWidth="540" frameHeight="441"/>
	<SubTexture name="BF hit0016" x="6079" y="2724" width="392" height="404" frameX="-136" frameY="-27" frameWidth="540" frameHeight="441"/>
	<SubTexture name="BF hit0017" x="6471" y="2724" width="392" height="404" frameX="-136" frameY="-27" frameWidth="540" frameHeight="441"/>
	<SubTexture name="BF hit0018" x="6863" y="2724" width="392" height="404" frameX="-136" frameY="-27" frameWidth="540" frameHeight="441"/>
	<SubTexture name="BF idle dance0000" x="1176" y="3165" width="470" height="391" frameX="-4" frameY="-21" frameWidth="479" frameHeight="412"/>
	<SubTexture name="BF idle dance0001" x="1646" y="3165" width="470" height="391" frameX="-4" frameY="-21" frameWidth="479" frameHeight="412"/>
	<SubTexture name="BF idle dance0002" x="2116" y="3165" width="468" height="393" frameX="-8" frameY="-19" frameWidth="479" frameHeight="412"/>
	<SubTexture name="BF idle dance0003" x="2116" y="3165" width="468" height="393" frameX="-8" frameY="-19" frameWidth="479" frameHeight="412"/>
	<SubTexture name="BF idle dance0004" x="2584" y="3165" width="469" height="398" frameX="-7" frameY="-14" frameWidth="479" frameHeight="412"/>
	<SubTexture name="BF idle dance0005" x="2584" y="3165" width="469" height="398" frameX="-7" frameY="-14" frameWidth="479" frameHeight="412"/>
	<SubTexture name="BF idle dance0006" x="3053" y="3165" width="479" height="411" frameX="0" frameY="-1" frameWidth="479" frameHeight="412"/>
	<SubTexture name="BF idle dance0007" x="3053" y="3165" width="479" height="411" frameX="0" frameY="-1" frameWidth="479" frameHeight="412"/>
	<SubTexture name="BF idle dance0008" x="3532" y="3165" width="476" height="412" frameX="-2" frameY="0" frameWidth="479" frameHeight="412"/>
	<SubTexture name="BF idle dance0009" x="3532" y="3165" width="476" height="412" frameX="-2" frameY="0" frameWidth="479" frameHeight="412"/>
	<SubTexture name="BF idle dance0010" x="3532" y="3165" width="476" height="412" frameX="-2" frameY="0" frameWidth="479" frameHeight="412"/>
	<SubTexture name="BF idle dance0011" x="3532" y="3165" width="476" height="412" frameX="-2" frameY="0" frameWidth="479" frameHeight="412"/>
	<SubTexture name="BF idle dance0012" x="3532" y="3165" width="476" height="412" frameX="-2" frameY="0" frameWidth="479" frameHeight="412"/>
	<SubTexture name="BF idle dance0013" x="3532" y="3165" width="476" height="412" frameX="-2" frameY="0" frameWidth="479" frameHeight="412"/>
	<SubTexture name="BF idle shaking0000" x="4008" y="3165" width="476" height="412" frameX="-1" frameY="-1" frameWidth="478" frameHeight="413"/>
	<SubTexture name="BF idle shaking0001" x="4484" y="3165" width="476" height="412" frameX="-2" frameY="-1" frameWidth="478" frameHeight="413"/>
	<SubTexture name="BF idle shaking0002" x="4960" y="3165" width="477" height="413" frameX="0" frameY="0" frameWidth="478" frameHeight="413"/>
	<SubTexture name="BF idle shaking0003" x="5437" y="3165" width="477" height="413" frameX="-1" frameY="0" frameWidth="478" frameHeight="413"/>
	<SubTexture name="bf slash0000" x="5914" y="3165" width="382" height="374" frameX="-136" frameY="-118" frameWidth="523" frameHeight="492"/>
	<SubTexture name="bf slash0001" x="6296" y="3165" width="513" height="442" frameX="0" frameY="-50" frameWidth="523" frameHeight="492"/>
	<SubTexture name="bf slash0002" x="6809" y="3165" width="495" height="442" frameX="-18" frameY="-50" frameWidth="523" frameHeight="492"/>
	<SubTexture name="bf slash0003" x="7304" y="3165" width="419" height="478" frameX="-102" frameY="-14" frameWidth="523" frameHeight="492"/>
	<SubTexture name="bf slash0004" x="7723" y="3165" width="419" height="478" frameX="-102" frameY="-14" frameWidth="523" frameHeight="492"/>
	<SubTexture name="bf slash0005" x="0" y="3643" width="407" height="492" frameX="-116" frameY="0" frameWidth="523" frameHeight="492"/>
	<SubTexture name="bf slash0006" x="407" y="3643" width="407" height="492" frameX="-116" frameY="0" frameWidth="523" frameHeight="492"/>
	<SubTexture name="bf slash0007" x="814" y="3643" width="386" height="373" frameX="-134" frameY="-119" frameWidth="523" frameHeight="492"/>
	<SubTexture name="bf slash0008" x="1200" y="3643" width="382" height="374" frameX="-136" frameY="-118" frameWidth="523" frameHeight="492"/>
	<SubTexture name="bf slash0009" x="1582" y="3643" width="382" height="374" frameX="-136" frameY="-118" frameWidth="523" frameHeight="492"/>
	<SubTexture name="bf slash0010" x="5914" y="3165" width="382" height="374" frameX="-136" frameY="-118" frameWidth="523" frameHeight="492"/>
	<SubTexture name="bf slash0011" x="5914" y="3165" width="382" height="374" frameX="-136" frameY="-118" frameWidth="523" frameHeight="492"/>
	<SubTexture name="bf slash0012" x="5914" y="3165" width="382" height="374" frameX="-136" frameY="-118" frameWidth="523" frameHeight="492"/>
	<SubTexture name="bf slash0013" x="5914" y="3165" width="382" height="374" frameX="-136" frameY="-118" frameWidth="523" frameHeight="492"/>
	<SubTexture name="bf slash0014" x="5914" y="3165" width="382" height="374" frameX="-136" frameY="-118" frameWidth="523" frameHeight="492"/>
	<SubTexture name="boyfriend attack0000" x="1964" y="3643" width="514" height="442" frameX="0" frameY="-50" frameWidth="524" frameHeight="492"/>
	<SubTexture name="boyfriend attack0001" x="6809" y="3165" width="495" height="442" frameX="-18" frameY="-50" frameWidth="523" frameHeight="492"/>
	<SubTexture name="boyfriend attack0002" x="7304" y="3165" width="419" height="478" frameX="-102" frameY="-14" frameWidth="523" frameHeight="492"/>
	<SubTexture name="boyfriend attack0003" x="7723" y="3165" width="419" height="478" frameX="-102" frameY="-14" frameWidth="523" frameHeight="492"/>
	<SubTexture name="boyfriend attack0004" x="2478" y="3643" width="408" height="492" frameX="-116" frameY="0" frameWidth="524" frameHeight="492"/>
	<SubTexture name="boyfriend attack0005" x="2886" y="3643" width="408" height="492" frameX="-116" frameY="0" frameWidth="524" frameHeight="492"/>
	<SubTexture name="boyfriend dodge0000" x="3294" y="3643" width="458" height="404" frameX="-3" frameY="0" frameWidth="463" frameHeight="404"/>
	<SubTexture name="boyfriend dodge0001" x="3752" y="3643" width="458" height="404" frameX="-3" frameY="0" frameWidth="463" frameHeight="404"/>
	<SubTexture name="boyfriend dodge0002" x="4210" y="3643" width="463" height="403" frameX="0" frameY="-1" frameWidth="463" frameHeight="404"/>
	<SubTexture name="boyfriend dodge0003" x="4673" y="3643" width="463" height="403" frameX="0" frameY="-1" frameWidth="463" frameHeight="404"/>
	<SubTexture name="boyfriend dodge0004" x="5136" y="3643" width="463" height="403" frameX="0" frameY="-1" frameWidth="463" frameHeight="404"/>
	<SubTexture name="boyfriend dodge0005" x="4210" y="3643" width="463" height="403" frameX="0" frameY="-1" frameWidth="463" frameHeight="404"/>
	<SubTexture name="boyfriend dodge0006" x="4673" y="3643" width="463" height="403" frameX="0" frameY="-1" frameWidth="463" frameHeight="404"/>
	<SubTexture name="boyfriend dodge0007" x="5136" y="3643" width="463" height="403" frameX="0" frameY="-1" frameWidth="463" frameHeight="404"/>
	<SubTexture name="boyfriend dodge0008" x="4210" y="3643" width="463" height="403" frameX="0" frameY="-1" frameWidth="463" frameHeight="404"/>
	<SubTexture name="boyfriend dodge0009" x="4673" y="3643" width="463" height="403" frameX="0" frameY="-1" frameWidth="463" frameHeight="404"/>
	<SubTexture name="boyfriend dodge0010" x="5136" y="3643" width="463" height="403" frameX="0" frameY="-1" frameWidth="463" frameHeight="404"/>
	<SubTexture name="boyfriend dodge0011" x="4210" y="3643" width="463" height="403" frameX="0" frameY="-1" frameWidth="463" frameHeight="404"/>
	<SubTexture name="boyfriend dodge0012" x="4673" y="3643" width="463" height="403" frameX="0" frameY="-1" frameWidth="463" frameHeight="404"/>
	<SubTexture name="boyfriend dodge0013" x="5136" y="3643" width="463" height="403" frameX="0" frameY="-1" frameWidth="463" frameHeight="404"/>
	<SubTexture name="boyfriend dodge0014" x="4210" y="3643" width="463" height="403" frameX="0" frameY="-1" frameWidth="463" frameHeight="404"/>
</TextureAtlas>
