﻿<?xml version="1.0" encoding="utf-8"?>
<TextureAtlas imagePath="sans_dusttale_mad.png">
	<!-- Created with Adobe Animate version 21.0.4.39603 -->
	<!-- http://www.adobe.com/products/animate.html -->
	<SubTexture name="down0000" x="0" y="0" width="939" height="805"/>
	<SubTexture name="down0001" x="0" y="0" width="939" height="805"/>
	<SubTexture name="down0002" x="939" y="0" width="939" height="805"/>
	<SubTexture name="down0003" x="939" y="0" width="939" height="805"/>
	<SubTexture name="down0004" x="939" y="0" width="939" height="805"/>
	<SubTexture name="down0005" x="939" y="0" width="939" height="805"/>
	<SubTexture name="down0006" x="939" y="0" width="939" height="805"/>
	<SubTexture name="down0007" x="939" y="0" width="939" height="805"/>
	<SubTexture name="down0008" x="939" y="0" width="939" height="805"/>
	<SubTexture name="down0009" x="939" y="0" width="939" height="805"/>
	<SubTexture name="down0010" x="939" y="0" width="939" height="805"/>
	<SubTexture name="down0011" x="939" y="0" width="939" height="805"/>
	<SubTexture name="down0012" x="939" y="0" width="939" height="805"/>
	<SubTexture name="down0013" x="939" y="0" width="939" height="805"/>
	<SubTexture name="down0014" x="939" y="0" width="939" height="805"/>
	<SubTexture name="down0015" x="939" y="0" width="939" height="805"/>
	<SubTexture name="down0016" x="939" y="0" width="939" height="805"/>
	<SubTexture name="down0017" x="939" y="0" width="939" height="805"/>
	<SubTexture name="down0018" x="939" y="0" width="939" height="805"/>
	<SubTexture name="down0019" x="939" y="0" width="939" height="805"/>
	<SubTexture name="down0020" x="939" y="0" width="939" height="805"/>
	<SubTexture name="down0021" x="939" y="0" width="939" height="805"/>
	<SubTexture name="down0022" x="939" y="0" width="939" height="805"/>
	<SubTexture name="down0023" x="939" y="0" width="939" height="805"/>
	<SubTexture name="down0024" x="939" y="0" width="939" height="805"/>
	<SubTexture name="down0025" x="939" y="0" width="939" height="805"/>
	<SubTexture name="down0026" x="939" y="0" width="939" height="805"/>
	<SubTexture name="down0027" x="939" y="0" width="939" height="805"/>
	<SubTexture name="down0028" x="939" y="0" width="939" height="805"/>
	<SubTexture name="down0029" x="939" y="0" width="939" height="805"/>
	<SubTexture name="idle0000" x="1878" y="0" width="939" height="805"/>
	<SubTexture name="idle0001" x="2817" y="0" width="939" height="805"/>
	<SubTexture name="idle0002" x="3756" y="0" width="939" height="805"/>
	<SubTexture name="idle0003" x="4695" y="0" width="939" height="805"/>
	<SubTexture name="idle0004" x="5634" y="0" width="939" height="805"/>
	<SubTexture name="idle0005" x="6573" y="0" width="939" height="805"/>
	<SubTexture name="idle0006" x="0" y="805" width="939" height="805"/>
	<SubTexture name="idle0007" x="939" y="805" width="939" height="805"/>
	<SubTexture name="idle0008" x="1878" y="805" width="939" height="805"/>
	<SubTexture name="idle0009" x="2817" y="805" width="939" height="805"/>
	<SubTexture name="idle0010" x="3756" y="805" width="939" height="805"/>
	<SubTexture name="idle0011" x="4695" y="805" width="939" height="805"/>
	<SubTexture name="idle0012" x="1878" y="805" width="939" height="805"/>
	<SubTexture name="idle0013" x="2817" y="805" width="939" height="805"/>
	<SubTexture name="left0000" x="5634" y="805" width="939" height="805"/>
	<SubTexture name="left0001" x="6573" y="805" width="939" height="805"/>
	<SubTexture name="left0002" x="0" y="1610" width="939" height="805"/>
	<SubTexture name="left0003" x="939" y="1610" width="939" height="805"/>
	<SubTexture name="left0004" x="0" y="1610" width="939" height="805"/>
	<SubTexture name="left0005" x="939" y="1610" width="939" height="805"/>
	<SubTexture name="left0006" x="0" y="1610" width="939" height="805"/>
	<SubTexture name="left0007" x="939" y="1610" width="939" height="805"/>
	<SubTexture name="left0008" x="0" y="1610" width="939" height="805"/>
	<SubTexture name="left0009" x="939" y="1610" width="939" height="805"/>
	<SubTexture name="left0010" x="0" y="1610" width="939" height="805"/>
	<SubTexture name="left0011" x="939" y="1610" width="939" height="805"/>
	<SubTexture name="left0012" x="0" y="1610" width="939" height="805"/>
	<SubTexture name="left0013" x="939" y="1610" width="939" height="805"/>
	<SubTexture name="left0014" x="0" y="1610" width="939" height="805"/>
	<SubTexture name="right0000" x="1878" y="1610" width="939" height="805"/>
	<SubTexture name="right0001" x="2817" y="1610" width="939" height="805"/>
	<SubTexture name="right0002" x="3756" y="1610" width="939" height="805"/>
	<SubTexture name="right0003" x="4695" y="1610" width="939" height="805"/>
	<SubTexture name="right0004" x="3756" y="1610" width="939" height="805"/>
	<SubTexture name="right0005" x="4695" y="1610" width="939" height="805"/>
	<SubTexture name="right0006" x="3756" y="1610" width="939" height="805"/>
	<SubTexture name="right0007" x="4695" y="1610" width="939" height="805"/>
	<SubTexture name="right0008" x="3756" y="1610" width="939" height="805"/>
	<SubTexture name="right0009" x="4695" y="1610" width="939" height="805"/>
	<SubTexture name="right0010" x="3756" y="1610" width="939" height="805"/>
	<SubTexture name="right0011" x="4695" y="1610" width="939" height="805"/>
	<SubTexture name="right0012" x="3756" y="1610" width="939" height="805"/>
	<SubTexture name="right0013" x="4695" y="1610" width="939" height="805"/>
	<SubTexture name="right0014" x="3756" y="1610" width="939" height="805"/>
	<SubTexture name="swingDown0000" x="5634" y="1610" width="939" height="805"/>
	<SubTexture name="swingDown0001" x="6573" y="1610" width="939" height="805"/>
	<SubTexture name="swingDown0002" x="0" y="2415" width="939" height="805"/>
	<SubTexture name="swingDown0003" x="939" y="2415" width="939" height="805"/>
	<SubTexture name="swingDown0004" x="1878" y="2415" width="939" height="805"/>
	<SubTexture name="swingDown0005" x="2817" y="2415" width="939" height="805"/>
	<SubTexture name="swingDown0006" x="3756" y="2415" width="939" height="805"/>
	<SubTexture name="swingDown0007" x="4695" y="2415" width="939" height="805"/>
	<SubTexture name="swingDown0008" x="3756" y="2415" width="939" height="805"/>
	<SubTexture name="swingDown0009" x="4695" y="2415" width="939" height="805"/>
	<SubTexture name="swingUp0000" x="4695" y="2415" width="939" height="805"/>
	<SubTexture name="swingUp0001" x="1878" y="2415" width="939" height="805"/>
	<SubTexture name="swingUp0002" x="939" y="2415" width="939" height="805"/>
	<SubTexture name="swingUp0003" x="0" y="2415" width="939" height="805"/>
	<SubTexture name="swingUp0004" x="5634" y="1610" width="939" height="805"/>
	<SubTexture name="swingUp0005" x="6573" y="1610" width="939" height="805"/>
	<SubTexture name="swingUp0006" x="5634" y="1610" width="939" height="805"/>
	<SubTexture name="swingUp0007" x="6573" y="1610" width="939" height="805"/>
	<SubTexture name="swingUp0008" x="5634" y="1610" width="939" height="805"/>
	<SubTexture name="swingUp0009" x="6573" y="1610" width="939" height="805"/>
	<SubTexture name="up0000" x="5634" y="2415" width="939" height="805"/>
	<SubTexture name="up0001" x="6573" y="2415" width="939" height="805"/>
	<SubTexture name="up0002" x="0" y="3220" width="939" height="805"/>
	<SubTexture name="up0003" x="939" y="3220" width="939" height="805"/>
	<SubTexture name="up0004" x="0" y="3220" width="939" height="805"/>
	<SubTexture name="up0005" x="939" y="3220" width="939" height="805"/>
	<SubTexture name="up0006" x="0" y="3220" width="939" height="805"/>
	<SubTexture name="up0007" x="939" y="3220" width="939" height="805"/>
	<SubTexture name="up0008" x="0" y="3220" width="939" height="805"/>
	<SubTexture name="up0009" x="939" y="3220" width="939" height="805"/>
	<SubTexture name="up0010" x="0" y="3220" width="939" height="805"/>
	<SubTexture name="up0011" x="939" y="3220" width="939" height="805"/>
	<SubTexture name="up0012" x="0" y="3220" width="939" height="805"/>
	<SubTexture name="up0013" x="939" y="3220" width="939" height="805"/>
	<SubTexture name="up0014" x="0" y="3220" width="939" height="805"/>
</TextureAtlas>
