﻿<?xml version="1.0" encoding="utf-8"?>
<TextureAtlas imagePath="HankAssets.png">
	<!-- Created with Adobe Animate version 21.0.7.42652 -->
	<!-- http://www.adobe.com/products/animate.html -->
	<SubTexture name="Menu Hank0000" x="0" y="0" width="425" height="593" frameX="0" frameY="0" frameWidth="427" frameHeight="595"/>
	<SubTexture name="Menu Hank0001" x="0" y="0" width="425" height="593" frameX="0" frameY="0" frameWidth="427" frameHeight="595"/>
	<SubTexture name="Menu Hank0002" x="425" y="0" width="425" height="593" frameX="-2" frameY="0" frameWidth="427" frameHeight="595"/>
	<SubTexture name="Menu Hank0003" x="425" y="0" width="425" height="593" frameX="-2" frameY="0" frameWidth="427" frameHeight="595"/>
	<SubTexture name="Menu Hank0004" x="850" y="0" width="419" height="595" frameX="-4" frameY="0" frameWidth="427" frameHeight="595"/>
	<SubTexture name="Menu Hank0005" x="850" y="0" width="419" height="595" frameX="-4" frameY="0" frameWidth="427" frameHeight="595"/>
	<SubTexture name="Menu Hank0006" x="1269" y="0" width="409" height="595" frameX="-6" frameY="0" frameWidth="427" frameHeight="595"/>
	<SubTexture name="Menu Hank0007" x="1269" y="0" width="409" height="595" frameX="-6" frameY="0" frameWidth="427" frameHeight="595"/>
	<SubTexture name="Menu Hank0008" x="0" y="595" width="416" height="595" frameX="-6" frameY="0" frameWidth="427" frameHeight="595"/>
	<SubTexture name="Menu Hank0009" x="0" y="595" width="416" height="595" frameX="-6" frameY="0" frameWidth="427" frameHeight="595"/>
	<SubTexture name="Menu Hank0010" x="416" y="595" width="411" height="595" frameX="-6" frameY="0" frameWidth="427" frameHeight="595"/>
	<SubTexture name="Menu Hank0011" x="416" y="595" width="411" height="595" frameX="-6" frameY="0" frameWidth="427" frameHeight="595"/>
	<SubTexture name="Menu Hank0012" x="827" y="595" width="409" height="595" frameX="-6" frameY="0" frameWidth="427" frameHeight="595"/>
	<SubTexture name="Menu Hank0013" x="827" y="595" width="409" height="595" frameX="-6" frameY="0" frameWidth="427" frameHeight="595"/>
</TextureAtlas>
