﻿<?xml version="1.0" encoding="utf-8"?>
<TextureAtlas imagePath="DADDY_ERECTER.png">
	<!-- Created with Adobe Animate version 20.0.3.25487 -->
	<!-- http://www.adobe.com/products/animate.html -->
	<SubTexture name="DAD SCARED0000" x="20" y="20" width="435" height="819"/>
	<SubTexture name="DAD SCARED0001" x="465" y="20" width="435" height="819"/>
	<SubTexture name="DAD SCARED0002" x="910" y="20" width="435" height="819"/>
	<SubTexture name="DAD SCARED0003" x="1355" y="20" width="435" height="819"/>
	<SubTexture name="DAD SCARED0004" x="1800" y="20" width="435" height="819"/>
	<SubTexture name="DAD SCARED0005" x="2245" y="20" width="435" height="819"/>
	<SubTexture name="DAD SCARED0006" x="2690" y="20" width="435" height="819"/>
	<SubTexture name="DAD SCARED0007" x="3135" y="20" width="435" height="819"/>
	<SubTexture name="DAD SCARED0008" x="3580" y="20" width="435" height="819"/>
	<SubTexture name="DAD SCARED0009" x="4025" y="20" width="435" height="819"/>
	<SubTexture name="DAD SCARED0010" x="4470" y="20" width="435" height="819"/>
	<SubTexture name="DAD SCARED0011" x="4915" y="20" width="435" height="819"/>
	<SubTexture name="DAD SCARED0012" x="5360" y="20" width="435" height="819"/>
	<SubTexture name="DAD SCARED0013" x="5805" y="20" width="435" height="819"/>
	<SubTexture name="DAD SCARED0014" x="6250" y="20" width="435" height="819"/>
	<SubTexture name="DAD SCARED0015" x="6695" y="20" width="435" height="819"/>
	<SubTexture name="DAD SCARED0016" x="7140" y="20" width="435" height="819"/>
	<SubTexture name="DAD SCARED0017" x="7585" y="20" width="435" height="819"/>
	<SubTexture name="DAD SCARED0018" x="20" y="849" width="435" height="819"/>
	<SubTexture name="DAD SCARED0019" x="465" y="849" width="435" height="819"/>
	<SubTexture name="DAD SCARED0020" x="910" y="849" width="435" height="819"/>
	<SubTexture name="DAD SCARED0021" x="1355" y="849" width="435" height="819"/>
	<SubTexture name="DAD SCARED0022" x="1800" y="849" width="435" height="819"/>
	<SubTexture name="DAD SCARED0023" x="2245" y="849" width="435" height="819"/>
	<SubTexture name="DAD SCARED0024" x="2690" y="849" width="435" height="819"/>
	<SubTexture name="DAD SCARED0025" x="3135" y="849" width="435" height="819"/>
	<SubTexture name="DAD SCARED0026" x="3580" y="849" width="435" height="819"/>
	<SubTexture name="DAD SCARED0027" x="4025" y="849" width="435" height="819"/>
	<SubTexture name="DAD SCARED0028" x="4470" y="849" width="435" height="819"/>
	<SubTexture name="DAD SCARED0029" x="4915" y="849" width="435" height="819"/>
	<SubTexture name="DAD SCARED0030" x="5360" y="849" width="435" height="819"/>
	<SubTexture name="DAD SCARED0031" x="5805" y="849" width="435" height="819"/>
	<SubTexture name="DAD SCARED0032" x="6250" y="849" width="435" height="819"/>
	<SubTexture name="DAD SCARED0033" x="6695" y="849" width="435" height="819"/>
	<SubTexture name="DAD SCARED0034" x="7140" y="849" width="435" height="819"/>
	<SubTexture name="DAD SCARED0035" x="7585" y="849" width="435" height="819"/>
	<SubTexture name="DAD SCARED0036" x="20" y="1678" width="435" height="819"/>
	<SubTexture name="DAD SCARED0037" x="465" y="1678" width="435" height="819"/>
	<SubTexture name="DAD SCARED0038" x="910" y="1678" width="435" height="819"/>
	<SubTexture name="DAD SCARED0039" x="1355" y="1678" width="435" height="819"/>
	<SubTexture name="DAD SCARED0040" x="1800" y="1678" width="435" height="819"/>
	<SubTexture name="DAD SCARED0041" x="2245" y="1678" width="435" height="819"/>
	<SubTexture name="DAD SCARED0042" x="2690" y="1678" width="435" height="819"/>
	<SubTexture name="DAD SCARED0043" x="3135" y="1678" width="435" height="819"/>
	<SubTexture name="DAD SCARED0044" x="3580" y="1678" width="435" height="819"/>
	<SubTexture name="DAD SCARED0045" x="4025" y="1678" width="435" height="819"/>
	<SubTexture name="Dad Sing Note DOWN0000" x="4470" y="1678" width="546" height="812"/>
	<SubTexture name="Dad Sing Note DOWN0001" x="5026" y="1678" width="546" height="812"/>
	<SubTexture name="Dad Sing Note DOWN0002" x="5582" y="1678" width="546" height="812"/>
	<SubTexture name="Dad Sing Note DOWN0003" x="6138" y="1678" width="546" height="812"/>
	<SubTexture name="Dad Sing Note DOWN0004" x="6694" y="1678" width="546" height="812"/>
	<SubTexture name="Dad Sing Note DOWN0005" x="7250" y="1678" width="546" height="812"/>
	<SubTexture name="Dad Sing Note DOWN0006" x="20" y="2507" width="546" height="812"/>
	<SubTexture name="Dad Sing Note DOWN0007" x="576" y="2507" width="546" height="812"/>
	<SubTexture name="Dad Sing Note DOWN0008" x="1132" y="2507" width="546" height="812"/>
	<SubTexture name="Dad Sing Note DOWN0009" x="1688" y="2507" width="546" height="812"/>
	<SubTexture name="Dad Sing Note DOWN0010" x="2244" y="2507" width="546" height="812"/>
	<SubTexture name="Dad Sing Note DOWN0011" x="2800" y="2507" width="546" height="812"/>
	<SubTexture name="Dad Sing Note DOWN0012" x="3356" y="2507" width="546" height="812"/>
	<SubTexture name="Dad Sing Note DOWN0013" x="3912" y="2507" width="546" height="812"/>
	<SubTexture name="Dad Sing Note DOWN0014" x="4468" y="2507" width="546" height="812"/>
	<SubTexture name="Dad Sing Note DOWN0015" x="5024" y="2507" width="546" height="812"/>
	<SubTexture name="Dad Sing Note LEFT0000" x="5580" y="2507" width="422" height="858"/>
	<SubTexture name="Dad Sing Note LEFT0001" x="6012" y="2507" width="422" height="858"/>
	<SubTexture name="Dad Sing Note LEFT0002" x="6444" y="2507" width="422" height="858"/>
	<SubTexture name="Dad Sing Note LEFT0003" x="6876" y="2507" width="422" height="858"/>
	<SubTexture name="Dad Sing Note LEFT0004" x="7308" y="2507" width="422" height="858"/>
	<SubTexture name="Dad Sing Note LEFT0005" x="7740" y="2507" width="422" height="858"/>
	<SubTexture name="Dad Sing Note LEFT0006" x="20" y="3375" width="422" height="858"/>
	<SubTexture name="Dad Sing Note LEFT0007" x="452" y="3375" width="422" height="858"/>
	<SubTexture name="Dad Sing Note LEFT0008" x="884" y="3375" width="422" height="858"/>
	<SubTexture name="Dad Sing Note LEFT0009" x="1316" y="3375" width="422" height="858"/>
	<SubTexture name="Dad Sing Note LEFT0010" x="1748" y="3375" width="422" height="858"/>
	<SubTexture name="Dad Sing Note LEFT0011" x="2180" y="3375" width="422" height="858"/>
	<SubTexture name="Dad Sing Note LEFT0012" x="2612" y="3375" width="422" height="858"/>
	<SubTexture name="Dad Sing Note LEFT0013" x="3044" y="3375" width="422" height="858"/>
	<SubTexture name="Dad Sing Note LEFT0014" x="3476" y="3375" width="422" height="858"/>
	<SubTexture name="Dad Sing Note LEFT0015" x="3908" y="3375" width="422" height="858"/>
	<SubTexture name="Dad Sing Note RIGHT0000" x="4340" y="3375" width="542" height="867"/>
	<SubTexture name="Dad Sing Note RIGHT0001" x="4892" y="3375" width="542" height="867"/>
	<SubTexture name="Dad Sing Note RIGHT0002" x="5444" y="3375" width="542" height="867"/>
	<SubTexture name="Dad Sing Note RIGHT0003" x="5996" y="3375" width="542" height="867"/>
	<SubTexture name="Dad Sing Note RIGHT0004" x="6548" y="3375" width="542" height="867"/>
	<SubTexture name="Dad Sing Note RIGHT0005" x="7100" y="3375" width="542" height="867"/>
	<SubTexture name="Dad Sing Note RIGHT0006" x="20" y="4252" width="542" height="867"/>
	<SubTexture name="Dad Sing Note RIGHT0007" x="572" y="4252" width="542" height="867"/>
	<SubTexture name="Dad Sing Note RIGHT0008" x="1124" y="4252" width="542" height="867"/>
	<SubTexture name="Dad Sing Note RIGHT0009" x="1676" y="4252" width="542" height="867"/>
	<SubTexture name="Dad Sing Note RIGHT0010" x="2228" y="4252" width="542" height="867"/>
	<SubTexture name="Dad Sing Note RIGHT0011" x="2780" y="4252" width="542" height="867"/>
	<SubTexture name="Dad Sing Note RIGHT0012" x="3332" y="4252" width="542" height="867"/>
	<SubTexture name="Dad Sing Note RIGHT0013" x="3884" y="4252" width="542" height="867"/>
	<SubTexture name="Dad Sing Note RIGHT0014" x="4436" y="4252" width="542" height="867"/>
	<SubTexture name="Dad Sing Note RIGHT0015" x="4988" y="4252" width="542" height="867"/>
	<SubTexture name="Dad Sing Note RIGHT0016" x="5540" y="4252" width="542" height="867"/>
	<SubTexture name="Dad Sing Note RIGHT0017" x="6092" y="4252" width="542" height="867"/>
	<SubTexture name="Dad Sing Note RIGHT0018" x="6644" y="4252" width="542" height="867"/>
	<SubTexture name="Dad Sing Note UP0000" x="7196" y="4252" width="460" height="891"/>
	<SubTexture name="Dad Sing Note UP0001" x="7666" y="4252" width="460" height="891"/>
	<SubTexture name="Dad Sing Note UP0002" x="20" y="5153" width="460" height="891"/>
	<SubTexture name="Dad Sing Note UP0003" x="490" y="5153" width="460" height="891"/>
	<SubTexture name="Dad Sing Note UP0004" x="960" y="5153" width="460" height="891"/>
	<SubTexture name="Dad Sing Note UP0005" x="1430" y="5153" width="460" height="891"/>
	<SubTexture name="Dad Sing Note UP0006" x="1900" y="5153" width="460" height="891"/>
	<SubTexture name="Dad Sing Note UP0007" x="2370" y="5153" width="460" height="891"/>
	<SubTexture name="Dad Sing Note UP0008" x="2840" y="5153" width="460" height="891"/>
	<SubTexture name="Dad Sing Note UP0009" x="3310" y="5153" width="460" height="891"/>
	<SubTexture name="Dad Sing Note UP0010" x="3780" y="5153" width="460" height="891"/>
	<SubTexture name="Dad Sing Note UP0011" x="4250" y="5153" width="460" height="891"/>
	<SubTexture name="Dad Sing Note UP0012" x="4720" y="5153" width="460" height="891"/>
	<SubTexture name="Dad Sing Note UP0013" x="5190" y="5153" width="460" height="891"/>
	<SubTexture name="Dad Sing Note UP0014" x="5660" y="5153" width="460" height="891"/>
	<SubTexture name="Dad Sing Note UP0015" x="6130" y="5153" width="460" height="891"/>
	<SubTexture name="Dad Sing Note UP0016" x="6600" y="5153" width="460" height="891"/>
	<SubTexture name="Dad Sing Note UP0017" x="7070" y="5153" width="460" height="891"/>
	<SubTexture name="Dad Sing Note UP0018" x="7540" y="5153" width="460" height="891"/>
	<SubTexture name="Dad Sing Note UP0019" x="20" y="6054" width="460" height="891"/>
	<SubTexture name="Dad Sing Note UP0020" x="490" y="6054" width="460" height="891"/>
	<SubTexture name="Dad Sing Note UP0021" x="960" y="6054" width="460" height="891"/>
	<SubTexture name="Dad Sing Note UP0022" x="1430" y="6054" width="460" height="891"/>
	<SubTexture name="Dad Sing Note UP0023" x="1900" y="6054" width="460" height="891"/>
	<SubTexture name="Dad idle dance0000" x="2370" y="6054" width="450" height="844"/>
	<SubTexture name="Dad idle dance0001" x="2830" y="6054" width="450" height="844"/>
	<SubTexture name="Dad idle dance0002" x="3290" y="6054" width="450" height="844"/>
	<SubTexture name="Dad idle dance0003" x="3750" y="6054" width="450" height="844"/>
	<SubTexture name="Dad idle dance0004" x="4210" y="6054" width="450" height="844"/>
	<SubTexture name="Dad idle dance0005" x="4670" y="6054" width="450" height="844"/>
	<SubTexture name="Dad idle dance0006" x="5130" y="6054" width="450" height="844"/>
	<SubTexture name="Dad idle dance0007" x="5590" y="6054" width="450" height="844"/>
	<SubTexture name="Dad idle dance0008" x="6050" y="6054" width="450" height="844"/>
	<SubTexture name="Dad idle dance0009" x="6510" y="6054" width="450" height="844"/>
	<SubTexture name="Dad idle dance0010" x="6970" y="6054" width="450" height="844"/>
	<SubTexture name="Dad idle dance0011" x="7430" y="6054" width="450" height="844"/>
	<SubTexture name="Dad idle dance0012" x="20" y="6955" width="450" height="844"/>
	<SubTexture name="Dad idle dance0013" x="480" y="6955" width="450" height="844"/>
</TextureAtlas>
