{"song":{"player1":"bf","sectionLengths":[],"player2":"chara_dusttale","notes":[{"typeOfSection":0,"lengthInSteps":16,"sectionNotes":[],"mustHitSection":true},{"typeOfSection":0,"lengthInSteps":16,"sectionNotes":[],"mustHitSection":true},{"typeOfSection":0,"lengthInSteps":16,"sectionNotes":[],"mustHitSection":true},{"typeOfSection":0,"lengthInSteps":16,"sectionNotes":[],"mustHitSection":true},{"typeOfSection":0,"lengthInSteps":16,"sectionNotes":[],"mustHitSection":true},{"typeOfSection":0,"lengthInSteps":16,"sectionNotes":[],"mustHitSection":true},{"typeOfSection":0,"lengthInSteps":16,"sectionNotes":[],"mustHitSection":true},{"typeOfSection":0,"lengthInSteps":16,"sectionNotes":[],"mustHitSection":true},{"typeOfSection":0,"lengthInSteps":16,"sectionNotes":[],"mustHitSection":true},{"typeOfSection":0,"lengthInSteps":16,"sectionNotes":[],"mustHitSection":true},{"typeOfSection":0,"lengthInSteps":16,"sectionNotes":[],"mustHitSection":true},{"typeOfSection":0,"lengthInSteps":16,"sectionNotes":[],"mustHitSection":true},{"typeOfSection":0,"lengthInSteps":16,"sectionNotes":[],"mustHitSection":true},{"typeOfSection":0,"lengthInSteps":16,"sectionNotes":[],"mustHitSection":true},{"typeOfSection":0,"lengthInSteps":16,"sectionNotes":[],"mustHitSection":true},{"typeOfSection":0,"lengthInSteps":16,"sectionNotes":[],"mustHitSection":true},{"typeOfSection":0,"lengthInSteps":16,"sectionNotes":[[13000,2,0,0],[13200,3,0,0],[13500,0,0,0],[13400,1,0,0],[12900,0,0,0],[12800,0,0,0]],"mustHitSection":true},{"typeOfSection":0,"lengthInSteps":16,"sectionNotes":[[13650,2,0,0],[13900,3,150,0],[14300,0,0,0],[14100,1,0,0],[14200,2,0,0]],"mustHitSection":true},{"typeOfSection":0,"lengthInSteps":16,"sectionNotes":[[14600,2,0,0],[14800,3,0,0],[15000,1,0,0],[15100,0,0,0],[14500,1,0,0],[14400,1,0,0]],"mustHitSection":true},{"typeOfSection":0,"lengthInSteps":16,"sectionNotes":[[15250,2,0,0],[15450,1,0,0],[15500,0,150,0],[15700,1,0,0],[15800,2,0,0],[15900,3,0,0]],"mustHitSection":true},{"typeOfSection":0,"lengthInSteps":16,"sectionNotes":[[16200,2,0],[16400,3,0],[16700,0,0],[16600,1,0],[16100,0,0,0],[16000,0,0,0]],"mustHitSection":true},{"typeOfSection":0,"lengthInSteps":16,"sectionNotes":[[16850,2,0],[17100,3,150],[17300,1,0],[17400,2,0],[17500,0,0]],"mustHitSection":true},{"typeOfSection":0,"lengthInSteps":16,"sectionNotes":[[17800,2,0,0],[18000,3,0,0],[18250,1,0,0],[18300,0,150,0]],"mustHitSection":true},{"typeOfSection":0,"lengthInSteps":16,"sectionNotes":[[18500,2,0,0],[18700,3,150,0],[18900,0,0,0],[19000,1,0,0],[19100,2,0,0]],"mustHitSection":true},{"typeOfSection":0,"lengthInSteps":16,"sectionNotes":[[19400,2,0],[19600,3,0],[19900,0,0],[19800,1,0],[19300,0,0,0],[19200,0,0,0]],"mustHitSection":true},{"typeOfSection":0,"lengthInSteps":16,"sectionNotes":[[20050,2,0],[20300,3,150],[20500,1,0],[20600,2,0],[20700,0,0]],"mustHitSection":true},{"typeOfSection":0,"lengthInSteps":16,"sectionNotes":[[21000,2,0],[21200,3,0],[21400,1,0],[21500,0,0],[20900,1,0,0],[20800,1,0,0]],"cameraInMiddle":true,"mustHitSection":true},{"typeOfSection":0,"lengthInSteps":16,"sectionNotes":[[21650,2,0],[21850,1,0],[21900,0,150],[22100,1,0],[22200,2,0],[22300,3,0]],"cameraInMiddle":true,"mustHitSection":true},{"typeOfSection":0,"lengthInSteps":16,"sectionNotes":[[22600,2,0],[22800,3,0],[23100,0,0],[23000,1,0],[22500,0,0,0],[22400,0,0,0]],"cameraInMiddle":true,"mustHitSection":true},{"typeOfSection":0,"lengthInSteps":16,"sectionNotes":[[23250,2,0],[23500,3,150],[23700,1,0],[23800,2,0],[23900,0,0]],"cameraInMiddle":true,"mustHitSection":true},{"typeOfSection":0,"lengthInSteps":16,"sectionNotes":[],"cameraInMiddle":true,"mustHitSection":true},{"typeOfSection":0,"lengthInSteps":16,"sectionNotes":[],"cameraInMiddle":true,"mustHitSection":true},{"typeOfSection":0,"lengthInSteps":16,"sectionNotes":[[25600,1,0,0],[25700,2,0,0],[25800,3,0,0],[25900,0,0,0],[25950,1,0,0],[26000,2,0,0],[26050,3,0,0],[26100,2,0,0],[26200,0,0,0],[26250,1,0,0],[26300,2,0,0]],"cameraInMiddle":true,"mustHitSection":true},{"typeOfSection":0,"lengthInSteps":16,"sectionNotes":[[26400,1,0,0],[26500,2,0,0],[26600,3,0,0],[26650,2,0,0],[26700,1,0,0],[26800,0,0,0],[26900,3,0,0],[27000,2,0,0],[27050,1,0,0],[27100,0,0,0],[27150,1,0,0]],"cameraInMiddle":true,"mustHitSection":true},{"typeOfSection":0,"lengthInSteps":16,"sectionNotes":[[27200,3,0,0],[27300,1,0,0],[27400,2,0,0],[27450,1,0,0],[27500,0,0,0],[27550,1,0,0],[27600,2,0,0],[27700,3,0,0],[27750,2,0,0],[27800,1,0,0],[27850,0,0,0],[27900,2,0,0],[27950,3,0,0]],"cameraInMiddle":true,"mustHitSection":true},{"typeOfSection":0,"lengthInSteps":16,"sectionNotes":[[28000,2,0,0],[28050,3,0,0],[28200,1,0,0],[28250,0,0,0],[28300,1,0,0],[28400,2,0,0],[28500,3,0,0],[28600,2,0,0]],"mustHitSection":true,"cameraInMiddle":true},{"typeOfSection":0,"lengthInSteps":16,"sectionNotes":[[28800,1,0,0],[28900,2,0,0],[29000,3,0,0],[29100,1,0,0],[29200,0,0,0],[29300,2,0,0],[29400,3,0,0],[29450,2,0,0],[29500,1,0,0],[29550,0,0,0]],"mustHitSection":true},{"typeOfSection":0,"lengthInSteps":16,"sectionNotes":[[29600,2,0,0],[29700,3,0,0],[29800,2,0,0],[29850,1,0,0],[29900,0,0,0],[29950,1,0,0],[30050,2,0,0],[30150,3,0,0],[30200,2,0,0],[30250,1,0,0],[30300,0,0,0]],"mustHitSection":true},{"typeOfSection":0,"lengthInSteps":16,"sectionNotes":[[30400,2,0,0],[30500,3,0,0],[30600,2,0,0],[30650,1,0,0],[30700,0,0,0],[30800,3,0,0],[30900,0,0,0],[31000,3,0,0],[31050,2,0,0],[31100,3,0,0],[31150,2,0,0]],"mustHitSection":true,"cameraInMiddle":true},{"typeOfSection":0,"lengthInSteps":16,"sectionNotes":[[31200,1,0,0],[31250,0,0,0],[31300,1,0,0],[31350,2,0,0],[31400,3,0,0],[31450,2,0,0],[31500,1,0,0],[31550,0,0,0],[31600,2,0,0],[31700,3,0,0],[31800,0,150,0]],"mustHitSection":true,"cameraInMiddle":true},{"typeOfSection":0,"lengthInSteps":16,"sectionNotes":[[32000,1,0],[32100,2,0],[32200,3,0],[32300,0,0],[32350,1,0],[32400,2,0],[32450,3,0],[32500,2,0],[32600,0,0],[32650,1,0],[32700,2,0]],"mustHitSection":true,"cameraInMiddle":true},{"typeOfSection":0,"lengthInSteps":16,"sectionNotes":[[32800,1,0],[32900,2,0],[33000,3,0],[33050,2,0],[33100,1,0],[33200,0,0],[33300,3,0],[33400,2,0],[33450,1,0],[33500,0,0],[33550,1,0]],"mustHitSection":true,"cameraInMiddle":true},{"sectionNotes":[[33600,3,0],[33700,1,0],[33800,2,0],[33850,1,0],[33900,0,0],[33950,1,0],[34000,2,0],[34100,3,0],[34150,2,0],[34200,1,0],[34250,0,0],[34300,2,0],[34350,3,0]],"typeOfSection":0,"lengthInSteps":16,"altAnim":false,"mustHitSection":true,"changeBPM":false,"bpm":120},{"lengthInSteps":16,"typeOfSection":0,"sectionNotes":[[34400,2,0],[34450,3,0],[34600,1,0],[34650,0,0],[34700,1,0],[34800,2,0],[34900,3,0],[35000,2,0]],"altAnim":false,"bpm":120,"changeBPM":false,"mustHitSection":true},{"sectionNotes":[[35200,1,0],[35300,2,0],[35400,3,0],[35500,1,0],[35600,0,0],[35700,2,0],[35800,3,0],[35850,2,0],[35900,1,0],[35950,0,0]],"typeOfSection":0,"lengthInSteps":16,"altAnim":false,"mustHitSection":true,"changeBPM":false,"bpm":178},{"sectionNotes":[[36000,2,0],[36100,3,0],[36200,2,0],[36250,1,0],[36300,0,0],[36350,1,0],[36450,2,0],[36550,3,0],[36600,2,0],[36650,1,0],[36700,0,0]],"typeOfSection":0,"lengthInSteps":16,"altAnim":false,"mustHitSection":true,"changeBPM":false,"bpm":178},{"sectionNotes":[[36800,2,0],[36900,3,0],[37000,2,0],[37050,1,0],[37100,0,0],[37200,3,0],[37300,0,0],[37400,3,0],[37450,2,0],[37500,3,0],[37550,2,0]],"typeOfSection":0,"lengthInSteps":16,"altAnim":false,"mustHitSection":true,"changeBPM":false,"bpm":178},{"sectionNotes":[[37600,1,0],[37650,0,0],[37700,1,0],[37750,2,0],[37800,3,0],[37850,2,0],[37900,1,0],[37950,0,0],[38000,2,0],[38100,3,0],[38200,0,150]],"typeOfSection":0,"lengthInSteps":16,"altAnim":false,"mustHitSection":true,"changeBPM":false,"bpm":178},{"sectionNotes":[[38400,1,0,0],[38500,2,0,0],[38600,2,0,0],[38650,3,0,0],[38700,2,0,0],[38750,1,0,0],[38800,0,0,0],[39000,0,0,0],[39100,2,0,0]],"typeOfSection":0,"lengthInSteps":16,"altAnim":false,"mustHitSection":true,"changeBPM":false,"bpm":178},{"sectionNotes":[[39450,3,0],[39500,2,0],[39550,1,0],[39400,2,0,0],[39600,0,150,0],[39300,1,0,0],[39800,0,0,0],[39900,2,0,0]],"typeOfSection":0,"lengthInSteps":16,"altAnim":false,"mustHitSection":true,"changeBPM":false,"bpm":178},{"sectionNotes":[[40000,1,0],[40100,2,0],[40200,2,0],[40250,3,0],[40300,2,0],[40350,1,0],[40400,0,0],[40600,0,0],[40700,2,0]],"typeOfSection":0,"lengthInSteps":16,"altAnim":false,"mustHitSection":true,"changeBPM":false,"bpm":178},{"sectionNotes":[[41000,2,0],[41200,0,150],[40900,1,0],[41400,0,0],[41500,2,0],[41100,3,0,0]],"typeOfSection":0,"lengthInSteps":16,"altAnim":false,"mustHitSection":true,"changeBPM":false,"bpm":178},{"sectionNotes":[[41600,1,0],[41700,2,0],[41800,2,0],[41850,3,0],[41900,2,0],[41950,1,0],[42000,0,0],[42200,0,0],[42300,2,0]],"typeOfSection":0,"lengthInSteps":16,"altAnim":false,"mustHitSection":true,"changeBPM":false,"bpm":178},{"sectionNotes":[[42650,3,0],[42700,2,0],[42750,1,0],[42600,2,0],[42800,0,150],[42500,1,0],[43000,0,0],[43100,2,0]],"typeOfSection":0,"lengthInSteps":16,"altAnim":false,"mustHitSection":true,"changeBPM":false,"bpm":178},{"sectionNotes":[[43200,1,0],[43300,2,0],[43400,2,0],[43450,3,0],[43500,2,0],[43550,1,0],[43600,0,0],[43800,0,0],[43900,2,0]],"typeOfSection":0,"lengthInSteps":16,"altAnim":false,"mustHitSection":true,"changeBPM":false,"bpm":178},{"sectionNotes":[[44200,2,0],[44400,0,150],[44100,1,0],[44600,0,0],[44700,2,0],[44300,3,0]],"typeOfSection":0,"lengthInSteps":16,"altAnim":false,"mustHitSection":true,"changeBPM":false,"bpm":178},{"sectionNotes":[[44800,1,0],[44900,2,0],[45000,2,0],[45050,3,0],[45100,2,0],[45150,1,0],[45200,0,0],[45400,0,0],[45500,2,0]],"typeOfSection":0,"lengthInSteps":16,"altAnim":false,"mustHitSection":true,"changeBPM":false,"bpm":178},{"sectionNotes":[[45850,3,0],[45900,2,0],[45950,1,0],[45800,2,0],[46000,0,150],[45700,1,0],[46200,0,0],[46300,2,0]],"typeOfSection":0,"lengthInSteps":16,"altAnim":false,"mustHitSection":true,"changeBPM":false,"bpm":178},{"lengthInSteps":16,"typeOfSection":0,"sectionNotes":[[46400,1,0],[46500,2,0],[46600,2,0],[46650,3,0],[46700,2,0],[46750,1,0],[46800,0,0],[47000,0,0],[47100,2,0]],"altAnim":false,"bpm":178,"changeBPM":false,"mustHitSection":true},{"lengthInSteps":16,"typeOfSection":0,"sectionNotes":[[47400,2,0],[47600,0,150],[47300,1,0],[47800,0,0],[47900,2,0],[47500,3,0]],"altAnim":false,"bpm":178,"changeBPM":false,"mustHitSection":true},{"lengthInSteps":16,"typeOfSection":0,"sectionNotes":[[48000,1,0],[48100,2,0],[48200,2,0],[48250,3,0],[48300,2,0],[48350,1,0],[48400,0,0],[48600,0,0],[48700,2,0]],"altAnim":false,"bpm":178,"changeBPM":false,"mustHitSection":true},{"lengthInSteps":16,"typeOfSection":0,"sectionNotes":[[49050,3,0],[49100,2,0],[49150,1,0],[49000,2,0],[49200,0,150],[48900,1,0],[49400,0,0],[49500,2,0]],"altAnim":false,"bpm":178,"changeBPM":false,"mustHitSection":true},{"sectionNotes":[[49600,1,0],[49700,2,0],[49800,2,0],[49850,3,0],[49900,2,0],[49950,1,0],[50000,0,0],[50200,0,0],[50300,2,0]],"typeOfSection":0,"lengthInSteps":16,"altAnim":false,"mustHitSection":true,"changeBPM":false,"bpm":178},{"sectionNotes":[[50600,2,0],[50800,0,150],[50500,1,0],[51100,2,0],[50700,3,0],[51000,1,0,0]],"typeOfSection":0,"lengthInSteps":16,"altAnim":false,"mustHitSection":true,"changeBPM":false,"bpm":178},{"sectionNotes":[[51200,0,0,0],[51550,0,0,0],[51400,0,0,0],[51700,0,0,0],[51900,1,100,0],[51500,2,0,0],[51450,3,0,0]],"typeOfSection":0,"lengthInSteps":16,"altAnim":false,"mustHitSection":true,"changeBPM":false,"bpm":178},{"lengthInSteps":16,"typeOfSection":0,"sectionNotes":[[52300,3,450,0],[52100,3,0,0]],"altAnim":false,"bpm":178,"changeBPM":false,"mustHitSection":true},{"lengthInSteps":16,"typeOfSection":0,"sectionNotes":[[52800,0,0,0],[53000,0,0,0],[53100,0,0,0],[53300,1,0,0],[53500,2,0,0]],"altAnim":false,"bpm":178,"changeBPM":false,"mustHitSection":true},{"lengthInSteps":16,"typeOfSection":0,"sectionNotes":[[53700,3,0,0],[53800,2,0,0],[53900,1,0,0],[53950,0,0,0],[54000,1,0,0],[54100,2,250,0]],"altAnim":false,"bpm":178,"changeBPM":false,"mustHitSection":true},{"lengthInSteps":16,"typeOfSection":0,"sectionNotes":[[54400,0,0],[54750,0,0],[54600,0,0],[54900,0,0],[55100,1,0,0],[54650,3,0,0],[54700,2,0,0]],"altAnim":false,"bpm":178,"changeBPM":false,"mustHitSection":true},{"lengthInSteps":16,"typeOfSection":0,"sectionNotes":[[55300,3,0],[55500,2,0,0],[55700,1,250,0]],"altAnim":false,"bpm":178,"changeBPM":false,"mustHitSection":true},{"lengthInSteps":16,"typeOfSection":0,"sectionNotes":[[56000,0,0,0],[56200,0,0,0],[56400,0,0,0],[56500,2,0,0],[56600,0,0,0],[56700,3,850,0]],"altAnim":false,"bpm":178,"changeBPM":false,"mustHitSection":true},{"lengthInSteps":16,"typeOfSection":0,"sectionNotes":[],"altAnim":false,"bpm":178,"changeBPM":false,"mustHitSection":true},{"lengthInSteps":16,"typeOfSection":0,"sectionNotes":[[57600,0,0],[57950,0,0],[57800,0,0],[58100,0,0],[58300,1,100],[57850,1,0,0],[57900,2,0,0]],"altAnim":false,"bpm":178,"changeBPM":false,"mustHitSection":true},{"lengthInSteps":16,"typeOfSection":0,"sectionNotes":[[58700,3,450],[58500,0,0,0]],"altAnim":false,"bpm":178,"changeBPM":false,"mustHitSection":true},{"sectionNotes":[[59200,0,0],[59400,0,0],[59900,2,0],[59600,0,0,0],[59700,0,0,0]],"typeOfSection":0,"lengthInSteps":16,"altAnim":false,"mustHitSection":true,"changeBPM":false,"bpm":178},{"lengthInSteps":16,"typeOfSection":0,"sectionNotes":[[60100,3,0,0],[60300,2,150,0],[60500,0,0,0],[60600,1,0,0],[60700,3,0,0]],"altAnim":false,"bpm":178,"changeBPM":false,"mustHitSection":true},{"lengthInSteps":16,"typeOfSection":0,"sectionNotes":[[60800,2,150,0],[61000,0,150,0],[61200,3,150,0],[61400,1,150,0]],"altAnim":false,"bpm":178,"changeBPM":false,"mustHitSection":true},{"lengthInSteps":16,"typeOfSection":0,"sectionNotes":[[61600,3,150,0],[61800,2,150,0],[62000,0,150,0],[62200,1,150,0]],"altAnim":false,"bpm":178,"changeBPM":false,"mustHitSection":true},{"lengthInSteps":16,"typeOfSection":0,"sectionNotes":[[62400,0,150,0],[62600,1,0,0],[62700,2,0,0],[62900,3,150,0],[63100,2,850,0]],"altAnim":false,"bpm":178,"changeBPM":false,"mustHitSection":true},{"sectionNotes":[],"typeOfSection":0,"lengthInSteps":16,"altAnim":false,"mustHitSection":true,"changeBPM":false,"bpm":178},{"sectionNotes":[[64000,0,0],[64350,0,0],[64200,0,0],[64500,0,0],[64700,1,100],[64250,1,0,0],[64300,2,0,0]],"typeOfSection":0,"lengthInSteps":16,"altAnim":false,"mustHitSection":true,"changeBPM":false,"bpm":178},{"lengthInSteps":16,"typeOfSection":0,"sectionNotes":[[65100,3,450],[64900,3,0]],"altAnim":false,"bpm":178,"changeBPM":false,"mustHitSection":true},{"sectionNotes":[[65600,0,0],[65800,0,0],[65900,0,0],[66100,1,0],[66300,2,0]],"typeOfSection":0,"lengthInSteps":16,"altAnim":false,"mustHitSection":true,"changeBPM":false,"bpm":178},{"sectionNotes":[[66500,3,0],[66600,2,0],[66700,1,0],[66750,0,0],[66800,1,0],[66900,2,250]],"typeOfSection":0,"lengthInSteps":16,"altAnim":false,"mustHitSection":true,"changeBPM":false,"bpm":178},{"sectionNotes":[[67200,0,0],[67400,0,0],[67700,0,0],[67900,1,0],[67450,2,0,0],[67500,0,0,0],[67550,3,0,0]],"typeOfSection":0,"lengthInSteps":16,"altAnim":false,"mustHitSection":true,"changeBPM":false,"bpm":178},{"sectionNotes":[[68100,3,0],[68300,2,0],[68500,1,250]],"typeOfSection":0,"lengthInSteps":16,"altAnim":false,"mustHitSection":true,"changeBPM":false,"bpm":178},{"lengthInSteps":16,"typeOfSection":0,"sectionNotes":[[68800,0,0],[69000,0,0],[69200,0,0],[69300,2,0],[69400,0,0],[69500,3,850]],"altAnim":false,"bpm":178,"changeBPM":false,"mustHitSection":true},{"sectionNotes":[],"typeOfSection":0,"lengthInSteps":16,"altAnim":false,"mustHitSection":true,"changeBPM":false,"bpm":178},{"lengthInSteps":16,"typeOfSection":0,"sectionNotes":[[70400,0,0],[70700,0,0],[70600,0,0],[70900,0,0],[71100,1,100],[70650,2,0,0],[70750,3,0,0]],"altAnim":false,"bpm":130,"changeBPM":false,"mustHitSection":true},{"lengthInSteps":16,"typeOfSection":0,"sectionNotes":[[71500,3,450],[71300,0,0]],"altAnim":false,"bpm":130,"changeBPM":false,"mustHitSection":true},{"lengthInSteps":16,"typeOfSection":0,"sectionNotes":[[72000,0,0],[72200,0,0],[72700,2,0],[72400,0,0],[72500,0,0]],"altAnim":false,"bpm":130,"changeBPM":false,"mustHitSection":true},{"lengthInSteps":16,"typeOfSection":0,"sectionNotes":[[72900,3,0],[73100,2,150],[73300,0,0],[73400,1,0],[73500,3,0]],"altAnim":false,"bpm":130,"changeBPM":false,"mustHitSection":true},{"lengthInSteps":16,"typeOfSection":0,"sectionNotes":[[73600,2,150],[73800,0,150],[74000,3,150],[74200,1,150]],"altAnim":false,"bpm":130,"changeBPM":false,"mustHitSection":true},{"sectionNotes":[[74400,3,150],[74600,2,150],[74800,0,150],[75000,1,150]],"typeOfSection":0,"lengthInSteps":16,"altAnim":false,"mustHitSection":true,"changeBPM":false,"bpm":130},{"sectionNotes":[],"typeOfSection":0,"lengthInSteps":16,"altAnim":false,"mustHitSection":true,"changeBPM":false,"bpm":130},{"lengthInSteps":16,"typeOfSection":0,"sectionNotes":[],"altAnim":false,"cameraInMiddle":false,"bpm":130,"changeBPM":false,"mustHitSection":true},{"sectionNotes":[[76800,3,750,0]],"typeOfSection":0,"lengthInSteps":16,"altAnim":false,"mustHitSection":true,"changeBPM":false,"bpm":130,"cameraInMiddle":false},{"lengthInSteps":16,"typeOfSection":0,"sectionNotes":[[77600,1,750,0]],"altAnim":false,"bpm":130,"changeBPM":false,"mustHitSection":true},{"sectionNotes":[[78400,2,350,0],[78800,0,350,0]],"typeOfSection":0,"lengthInSteps":16,"altAnim":false,"mustHitSection":true,"changeBPM":false,"bpm":130},{"sectionNotes":[[79200,3,350,0],[79600,2,350,0]],"typeOfSection":0,"lengthInSteps":16,"altAnim":false,"mustHitSection":true,"changeBPM":false,"bpm":130},{"sectionNotes":[[80000,0,350,0],[80400,2,350,0]],"typeOfSection":0,"lengthInSteps":16,"altAnim":false,"mustHitSection":true,"changeBPM":false,"bpm":130},{"sectionNotes":[[80800,3,350,0],[81200,2,350,0]],"typeOfSection":0,"lengthInSteps":16,"altAnim":false,"mustHitSection":true,"changeBPM":false,"bpm":130},{"sectionNotes":[[81600,3,750]],"typeOfSection":0,"lengthInSteps":16,"altAnim":false,"mustHitSection":true,"changeBPM":false,"bpm":130},{"sectionNotes":[[82400,1,750]],"typeOfSection":0,"lengthInSteps":16,"altAnim":false,"mustHitSection":true,"changeBPM":false,"bpm":130},{"sectionNotes":[[83200,2,750,0]],"typeOfSection":0,"lengthInSteps":16,"altAnim":false,"mustHitSection":true,"changeBPM":false,"bpm":130},{"sectionNotes":[[84000,1,750,0]],"typeOfSection":0,"lengthInSteps":16,"altAnim":false,"mustHitSection":true,"changeBPM":false,"bpm":130},{"sectionNotes":[[84800,2,350],[85200,0,350]],"typeOfSection":0,"lengthInSteps":16,"altAnim":false,"mustHitSection":true,"changeBPM":false,"bpm":130},{"sectionNotes":[[85600,3,350],[86000,2,350]],"typeOfSection":0,"lengthInSteps":16,"altAnim":false,"mustHitSection":true,"changeBPM":false,"bpm":130},{"sectionNotes":[[86400,3,750]],"typeOfSection":0,"lengthInSteps":16,"altAnim":false,"mustHitSection":true,"changeBPM":false,"bpm":130},{"sectionNotes":[[87200,1,750]],"typeOfSection":0,"lengthInSteps":16,"altAnim":false,"mustHitSection":true,"changeBPM":false,"bpm":130},{"sectionNotes":[[88000,2,350,0],[88400,1,350,0]],"typeOfSection":0,"lengthInSteps":16,"altAnim":false,"mustHitSection":true,"changeBPM":false,"bpm":130},{"sectionNotes":[[88800,3,350,0],[89200,2,350,0],[89400,1,150,0]],"typeOfSection":0,"lengthInSteps":16,"altAnim":false,"mustHitSection":true,"changeBPM":false,"bpm":130},{"sectionNotes":[[89600,0,0],[89850,0,0],[90100,0,0],[90300,1,100],[89800,3,0,0],[89900,3,0,0],[89950,1,0,0]],"typeOfSection":0,"lengthInSteps":16,"altAnim":false,"mustHitSection":true,"changeBPM":false,"bpm":130},{"sectionNotes":[[90700,3,450],[90500,3,0]],"typeOfSection":0,"lengthInSteps":16,"altAnim":false,"mustHitSection":true,"changeBPM":false,"bpm":130},{"sectionNotes":[[91200,0,0],[91400,0,0],[91500,0,0],[91700,1,0],[91900,2,0]],"typeOfSection":0,"lengthInSteps":16,"altAnim":false,"mustHitSection":true,"changeBPM":false,"bpm":130},{"sectionNotes":[[92100,3,0],[92200,2,0],[92300,1,0],[92350,0,0],[92400,1,0],[92500,2,250]],"typeOfSection":0,"lengthInSteps":16,"altAnim":false,"mustHitSection":true,"changeBPM":false,"bpm":130},{"sectionNotes":[[92800,0,0],[93050,0,0],[93300,0,0],[93500,1,0],[93000,3,0,0],[93100,3,0,0],[93150,1,0,0]],"typeOfSection":0,"lengthInSteps":16,"altAnim":false,"mustHitSection":true,"changeBPM":false,"bpm":130},{"sectionNotes":[[93700,3,0],[93900,2,0],[94100,1,250]],"typeOfSection":0,"lengthInSteps":16,"altAnim":false,"mustHitSection":true,"changeBPM":false,"bpm":130},{"sectionNotes":[[94400,0,0],[94600,0,0],[94800,0,0],[94900,2,0],[95000,0,0],[95100,3,850]],"typeOfSection":0,"lengthInSteps":16,"altAnim":false,"mustHitSection":true,"changeBPM":false,"bpm":130},{"sectionNotes":[],"typeOfSection":0,"lengthInSteps":16,"altAnim":false,"mustHitSection":true,"changeBPM":false,"bpm":130},{"sectionNotes":[[96000,0,0],[96350,0,0],[96200,0,0],[96500,0,0],[96700,1,100],[96250,2,0,0],[96300,3,0,0]],"typeOfSection":0,"lengthInSteps":16,"altAnim":false,"mustHitSection":true,"changeBPM":false,"bpm":130},{"lengthInSteps":16,"typeOfSection":0,"sectionNotes":[[97100,3,450],[96900,0,0]],"altAnim":false,"bpm":130,"changeBPM":false,"mustHitSection":true},{"lengthInSteps":16,"typeOfSection":0,"sectionNotes":[[97600,0,0],[97800,0,0],[98300,2,0],[98000,0,0],[98100,0,0]],"altAnim":false,"bpm":130,"changeBPM":false,"mustHitSection":true},{"lengthInSteps":16,"typeOfSection":0,"sectionNotes":[[98500,3,0],[98700,2,150],[98900,0,0],[99000,1,0],[99100,3,0]],"altAnim":false,"bpm":130,"changeBPM":false,"mustHitSection":true},{"sectionNotes":[[99200,2,150],[99400,0,150],[99600,3,150],[99800,1,150]],"typeOfSection":0,"lengthInSteps":16,"altAnim":false,"mustHitSection":true,"changeBPM":false,"bpm":130},{"sectionNotes":[[100000,3,150],[100200,2,150],[100400,0,150],[100600,1,150]],"typeOfSection":0,"lengthInSteps":16,"altAnim":false,"mustHitSection":true,"changeBPM":false,"bpm":130},{"sectionNotes":[[100800,0,150],[101000,1,0],[101100,2,0],[101300,3,150],[101500,2,850]],"typeOfSection":0,"lengthInSteps":16,"altAnim":false,"mustHitSection":true,"changeBPM":false,"bpm":130},{"sectionNotes":[],"typeOfSection":0,"lengthInSteps":16,"altAnim":false,"mustHitSection":true,"changeBPM":false,"bpm":130},{"sectionNotes":[[102600,2,0],[102800,3,0],[103100,0,0],[103000,1,0],[102500,0,0],[102400,0,0]],"typeOfSection":0,"lengthInSteps":16,"altAnim":false,"mustHitSection":true,"changeBPM":false,"bpm":130},{"sectionNotes":[[103250,2,0],[103500,3,150],[103900,0,0],[103700,1,0],[103800,2,0]],"typeOfSection":0,"lengthInSteps":16,"altAnim":false,"mustHitSection":true,"changeBPM":false,"bpm":130},{"sectionNotes":[[104200,2,0],[104400,3,0],[104600,1,0],[104700,0,0],[104100,1,0],[104000,1,0]],"typeOfSection":0,"lengthInSteps":16,"altAnim":false,"mustHitSection":true,"changeBPM":false,"bpm":130},{"sectionNotes":[[104850,2,0],[105050,1,0],[105100,0,150],[105300,1,0],[105400,2,0],[105500,3,0]],"typeOfSection":0,"lengthInSteps":16,"altAnim":false,"mustHitSection":true,"changeBPM":false,"bpm":130},{"sectionNotes":[[105800,2,0],[106000,3,0],[106300,0,0],[106200,1,0],[105700,0,0],[105600,0,0]],"typeOfSection":0,"lengthInSteps":16,"altAnim":false,"mustHitSection":true,"changeBPM":false,"bpm":130},{"sectionNotes":[[106450,2,0],[106700,3,150],[106900,1,0],[107000,2,0],[107100,0,0]],"typeOfSection":0,"lengthInSteps":16,"altAnim":false,"mustHitSection":true,"changeBPM":false,"bpm":130},{"lengthInSteps":16,"typeOfSection":0,"sectionNotes":[[107400,2,0],[107600,3,0],[107850,1,0],[107900,0,150]],"altAnim":false,"bpm":130,"changeBPM":false,"mustHitSection":true},{"lengthInSteps":16,"typeOfSection":0,"sectionNotes":[[108100,2,0],[108300,3,150],[108500,0,0],[108600,1,0],[108700,2,0]],"altAnim":false,"bpm":130,"changeBPM":false,"mustHitSection":true},{"lengthInSteps":16,"typeOfSection":0,"sectionNotes":[[109000,2,0],[109200,3,0],[109500,0,0],[109400,1,0],[108900,0,0],[108800,0,0]],"altAnim":false,"bpm":130,"changeBPM":false,"mustHitSection":true},{"lengthInSteps":16,"typeOfSection":0,"sectionNotes":[[109650,2,0],[109900,3,150],[110100,1,0],[110200,2,0],[110300,0,0]],"altAnim":false,"bpm":130,"changeBPM":false,"mustHitSection":true},{"lengthInSteps":16,"typeOfSection":0,"sectionNotes":[[110600,2,0],[110800,3,0],[111000,1,0],[111100,0,0],[110500,1,0],[110400,1,0]],"altAnim":false,"bpm":130,"changeBPM":false,"mustHitSection":true},{"lengthInSteps":16,"typeOfSection":0,"sectionNotes":[[111250,2,0],[111450,1,0],[111500,0,150],[111700,1,0],[111800,2,0],[111900,3,0]],"altAnim":false,"bpm":130,"changeBPM":false,"mustHitSection":true},{"lengthInSteps":16,"typeOfSection":0,"sectionNotes":[[112200,2,0],[112400,3,0],[112700,0,0],[112600,1,0],[112100,0,0],[112000,0,0]],"altAnim":false,"bpm":130,"changeBPM":false,"mustHitSection":true},{"lengthInSteps":16,"typeOfSection":0,"sectionNotes":[[112850,2,0],[113100,3,150],[113300,1,0],[113400,2,0],[113500,0,0]],"altAnim":false,"bpm":130,"changeBPM":false,"mustHitSection":true},{"lengthInSteps":16,"typeOfSection":0,"sectionNotes":[],"altAnim":false,"bpm":130,"changeBPM":false,"mustHitSection":true},{"sectionNotes":[],"typeOfSection":0,"lengthInSteps":16,"altAnim":false,"mustHitSection":true,"changeBPM":false,"bpm":130},{"lengthInSteps":16,"typeOfSection":0,"sectionNotes":[],"altAnim":false,"bpm":130,"changeBPM":false,"mustHitSection":true},{"sectionNotes":[],"typeOfSection":0,"lengthInSteps":16,"altAnim":false,"mustHitSection":true,"changeBPM":false,"bpm":130},{"sectionNotes":[],"typeOfSection":0,"lengthInSteps":16,"altAnim":false,"mustHitSection":true,"changeBPM":false,"bpm":130},{"lengthInSteps":16,"typeOfSection":0,"sectionNotes":[],"altAnim":false,"bpm":130,"changeBPM":false,"mustHitSection":true},{"sectionNotes":[],"typeOfSection":0,"lengthInSteps":16,"altAnim":false,"mustHitSection":true,"changeBPM":false,"bpm":130},{"lengthInSteps":16,"typeOfSection":0,"sectionNotes":[],"altAnim":false,"bpm":130,"changeBPM":false,"mustHitSection":true},{"lengthInSteps":16,"typeOfSection":0,"sectionNotes":[],"altAnim":false,"bpm":130,"changeBPM":false,"mustHitSection":true},{"sectionNotes":[],"typeOfSection":0,"lengthInSteps":16,"altAnim":false,"mustHitSection":true,"changeBPM":false,"bpm":130},{"sectionNotes":[],"typeOfSection":0,"lengthInSteps":16,"altAnim":false,"mustHitSection":true,"changeBPM":false,"bpm":130},{"lengthInSteps":16,"typeOfSection":0,"sectionNotes":[],"altAnim":false,"bpm":130,"changeBPM":false,"mustHitSection":true},{"lengthInSteps":16,"typeOfSection":0,"sectionNotes":[],"altAnim":false,"bpm":130,"changeBPM":false,"mustHitSection":true},{"sectionNotes":[],"typeOfSection":0,"lengthInSteps":16,"altAnim":false,"mustHitSection":true,"changeBPM":false,"bpm":130},{"sectionNotes":[],"typeOfSection":0,"lengthInSteps":16,"altAnim":false,"mustHitSection":true,"changeBPM":false,"bpm":150},{"sectionNotes":[],"typeOfSection":0,"lengthInSteps":16,"altAnim":false,"mustHitSection":true,"changeBPM":false,"bpm":150},{"sectionNotes":[],"typeOfSection":0,"lengthInSteps":16,"altAnim":false,"mustHitSection":true,"changeBPM":false,"bpm":150},{"sectionNotes":[],"typeOfSection":0,"lengthInSteps":16,"altAnim":false,"mustHitSection":true,"changeBPM":false,"bpm":300},{"sectionNotes":[],"typeOfSection":0,"lengthInSteps":16,"altAnim":false,"mustHitSection":true,"changeBPM":false,"bpm":300},{"sectionNotes":[],"typeOfSection":0,"lengthInSteps":16,"altAnim":false,"mustHitSection":true,"changeBPM":false,"bpm":300},{"sectionNotes":[],"typeOfSection":0,"lengthInSteps":16,"altAnim":false,"mustHitSection":true,"changeBPM":false,"bpm":300},{"sectionNotes":[],"typeOfSection":0,"lengthInSteps":16,"altAnim":false,"mustHitSection":true,"changeBPM":false,"bpm":300},{"sectionNotes":[],"typeOfSection":0,"lengthInSteps":16,"altAnim":false,"mustHitSection":true,"changeBPM":false,"bpm":300},{"sectionNotes":[],"typeOfSection":0,"lengthInSteps":16,"altAnim":false,"mustHitSection":true,"changeBPM":false,"bpm":300},{"sectionNotes":[],"typeOfSection":0,"lengthInSteps":16,"altAnim":false,"mustHitSection":true,"changeBPM":false,"bpm":300},{"sectionNotes":[],"typeOfSection":0,"lengthInSteps":16,"altAnim":false,"mustHitSection":true,"changeBPM":false,"bpm":300},{"lengthInSteps":16,"typeOfSection":0,"sectionNotes":[],"altAnim":false,"bpm":300,"changeBPM":false,"mustHitSection":true},{"sectionNotes":[],"typeOfSection":0,"lengthInSteps":16,"altAnim":false,"mustHitSection":true,"changeBPM":false,"bpm":300},{"lengthInSteps":16,"altAnim":false,"typeOfSection":0,"sectionNotes":[],"bpm":300,"changeBPM":false,"mustHitSection":true}],"song":"Last Hope","needsVoices":true,"stage":"judgement_hall_chara","validScore":true,"sections":0,"bpm":300,"speed":3.2}}