{
	"animations": [
		{
			"offsets": [
				0,
				0
			],
			"loop": false,
			"anim": "idle",
			"fps": 24,
			"name": "Hank Idle",
			"indices": []
		},
		{
			"offsets": [
				8,
				-84
			],
			"loop": false,
			"anim": "idle-alt",
			"fps": 24,
			"name": "HankGetReady",
			"indices": []
		},
		{
			"offsets": [
				101,
				11
			],
			"loop": false,
			"anim": "singRIGHT",
			"fps": 24,
			"name": "Hank right note",
			"indices": []
		},
		{
			"offsets": [
				-15,
				11
			],
			"loop": false,
			"anim": "RIGHTshoot",
			"fps": 24,
			"name": "Hank right shoot",
			"indices": []
		},
		{
			"offsets": [
				88,
				11
			],
			"loop": false,
			"anim": "singRIGHT-alt",
			"fps": 24,
			"name": "Hank screamright",
			"indices": []
		},
		{
			"offsets": [
				46,
				15
			],
			"loop": false,
			"anim": "LEFTshoot",
			"fps": 24,
			"name": "Hank Left Shoot",
			"indices": []
		},
		{
			"offsets": [
				8,
				1
			],
			"loop": false,
			"anim": "singUP",
			"fps": 24,
			"name": "Hank Up note",
			"indices": []
		},
		{
			"offsets": [
				42,
				12
			],
			"loop": false,
			"anim": "singDOWN",
			"fps": 24,
			"name": "Hank Down Note",
			"indices": []
		},
		{
			"offsets": [
				43,
				12
			],
			"loop": false,
			"anim": "DOWNshoot",
			"fps": 24,
			"name": "Hank Down Shoot",
			"indices": []
		},
		{
			"offsets": [
				0,
				0
			],
			"indices": [
				9,
				10,
				11,
				12,
				13
			],
			"fps": 24,
			"anim": "idle-loop",
			"loop": true,
			"name": "Hank Idle"
		},
		{
			"offsets": [
				0,
				0
			],
			"indices": [
				9,
				10,
				11,
				12,
				13
			],
			"fps": 24,
			"anim": "idle-alt-loop",
			"loop": true,
			"name": "Hank Idle"
		},
		{
			"offsets": [
				322,
				16
			],
			"indices": [
				9,
				10,
				11,
				12,
				13
			],
			"fps": 24,
			"anim": "singLEFT-loop",
			"loop": true,
			"name": "Hank Left Note"
		},
		{
			"offsets": [
				322,
				16
			],
			"indices": [],
			"fps": 24,
			"anim": "singLEFT",
			"loop": false,
			"name": "Hank Left Note"
		},
		{
			"offsets": [
				9,
				0
			],
			"indices": [],
			"fps": 24,
			"anim": "UPshoot",
			"loop": false,
			"name": "Hank Up shoot"
		},
		{
			"offsets": [
				101,
				11
			],
			"indices": [
				3,
				4,
				5,
				6,
				7,
				8
			],
			"fps": 24,
			"anim": "singRIGHT-loop",
			"loop": true,
			"name": "Hank right note"
		},
		{
			"offsets": [
				8,
				1
			],
			"indices": [
				9,
				10,
				11,
				12,
				13
			],
			"fps": 24,
			"anim": "singUP-loop",
			"loop": true,
			"name": "Hank Up note"
		},
		{
			"offsets": [
				42,
				12
			],
			"indices": [
				9,
				10,
				11,
				12,
				13
			],
			"fps": 24,
			"anim": "singDOWN-loop",
			"loop": true,
			"name": "Hank Down Note"
		}
	],
	"no_antialiasing": false,
	"image": "characters/hank",
	"position": [
		0,
		180
	],
	"healthicon": "hank",
	"flip_x": false,
	"healthbar_colors": [
		28,
		29,
		59
	],
	"camera_position": [
		-100,
		80
	],
	"sing_duration": 4,
	"scale": 1
}