{
	"song": {
		"player1": "bf",
		"sectionLengths": [],
		"player2": "hank",
		"notes": [
			{
				"typeOfSection": 0,
				"lengthInSteps": 16,
				"sectionNotes": [],
				"mustHitSection": true,
				"bpm": 0
			},
			{
				"typeOfSection": 0,
				"lengthInSteps": 16,
				"sectionNotes": [
					[
						1463.41463414634,
						-1,
						"Play Animation",
						"idle-alt",
						"0"
					]
				],
				"mustHitSection": false,
				"bpm": 0
			},
			{
				"typeOfSection": 0,
				"lengthInSteps": 16,
				"sectionNotes": [
					[
						2926.82926829268,
						3,
						0
					],
					[
						3018.29268292683,
						0,
						0
					],
					[
						3109.75609756098,
						1,
						0
					],
					[
						3292.68292682927,
						2,
						0
					],
					[
						3475.60975609756,
						3,
						0
					],
					[
						3567.07317073171,
						2,
						0
					],
					[
						3750,
						3,
						0
					],
					[
						3841.46341463415,
						0,
						0
					],
					[
						4024.39024390244,
						1,
						0
					],
					[
						4115.85365853659,
						0,
						0
					],
					[
						4207.31707317073,
						3,
						0
					],
					[
						4298.78048780488,
						2,
						0
					]
				],
				"mustHitSection": false,
				"bpm": 0
			},
			{
				"typeOfSection": 0,
				"lengthInSteps": 16,
				"sectionNotes": [
					[
						4390.24390243902,
						3,
						0
					],
					[
						4481.70731707317,
						0,
						0
					],
					[
						4573.17073170732,
						1,
						0
					],
					[
						4756.09756097561,
						2,
						0
					],
					[
						4939.0243902439,
						3,
						0
					],
					[
						5030.48780487805,
						2,
						0
					],
					[
						5213.41463414634,
						3,
						0
					],
					[
						5304.87804878049,
						0,
						0
					],
					[
						5487.80487804878,
						2,
						0
					],
					[
						5579.26829268293,
						3,
						0
					],
					[
						5762.19512195122,
						0,
						0
					],
					[
						5670.73170731707,
						1,
						0
					]
				],
				"mustHitSection": false,
				"bpm": 0
			},
			{
				"typeOfSection": 0,
				"lengthInSteps": 16,
				"sectionNotes": [
					[
						5853.65853658537,
						3,
						0
					],
					[
						5945.12195121951,
						0,
						0
					],
					[
						6036.58536585366,
						1,
						0
					],
					[
						6219.51219512195,
						2,
						0
					],
					[
						6402.43902439024,
						3,
						0
					],
					[
						6493.90243902439,
						2,
						0
					],
					[
						6676.82926829268,
						3,
						0
					],
					[
						6768.29268292683,
						0,
						0
					],
					[
						6951.21951219512,
						1,
						0
					],
					[
						7042.68292682927,
						0,
						0
					],
					[
						7134.14634146341,
						3,
						0
					],
					[
						7225.60975609756,
						2,
						0
					]
				],
				"mustHitSection": false,
				"bpm": 0
			},
			{
				"typeOfSection": 0,
				"lengthInSteps": 16,
				"sectionNotes": [
					[
						7317.07317073171,
						3,
						0
					],
					[
						7408.53658536585,
						1,
						0
					],
					[
						7500,
						0,
						0
					],
					[
						7591.46341463415,
						1,
						0
					],
					[
						7682.92682926829,
						3,
						0
					],
					[
						7865.85365853659,
						2,
						0
					],
					[
						8048.78048780488,
						0,
						0
					],
					[
						8231.70731707317,
						0,
						0
					],
					[
						8414.63414634146,
						3,
						0
					],
					[
						8597.56097560976,
						3,
						0
					],
					[
						8140.24390243903,
						2,
						0
					],
					[
						8506.09756097561,
						1,
						0
					]
				],
				"mustHitSection": false,
				"bpm": 0
			},
			{
				"typeOfSection": 0,
				"lengthInSteps": 16,
				"sectionNotes": [
					[
						8780.48780487805,
						3,
						0
					],
					[
						8871.9512195122,
						0,
						0
					],
					[
						8963.41463414634,
						1,
						0
					],
					[
						9146.34146341464,
						2,
						0
					],
					[
						9329.26829268293,
						3,
						0
					],
					[
						9420.73170731707,
						2,
						0
					],
					[
						9603.65853658537,
						3,
						0
					],
					[
						9695.12195121951,
						0,
						0
					],
					[
						9878.0487804878,
						1,
						0
					],
					[
						9969.51219512195,
						0,
						0
					],
					[
						10060.9756097561,
						3,
						0
					],
					[
						10152.4390243902,
						2,
						0
					]
				],
				"altAnim": false,
				"mustHitSection": true,
				"bpm": 0
			},
			{
				"typeOfSection": 0,
				"lengthInSteps": 16,
				"sectionNotes": [
					[
						10243.9024390244,
						3,
						0
					],
					[
						10335.3658536585,
						0,
						0
					],
					[
						10426.8292682927,
						1,
						0
					],
					[
						10609.756097561,
						2,
						0
					],
					[
						10792.6829268293,
						3,
						0
					],
					[
						10884.1463414634,
						2,
						0
					],
					[
						11067.0731707317,
						3,
						0
					],
					[
						11158.5365853659,
						0,
						0
					],
					[
						11341.4634146341,
						2,
						0
					],
					[
						11432.9268292683,
						3,
						0
					],
					[
						11615.8536585366,
						0,
						0
					],
					[
						11524.3902439024,
						1,
						0
					]
				],
				"mustHitSection": true,
				"bpm": 0
			},
			{
				"typeOfSection": 0,
				"lengthInSteps": 16,
				"sectionNotes": [
					[
						11707.3170731707,
						3,
						0
					],
					[
						11798.7804878049,
						0,
						0
					],
					[
						11890.243902439,
						1,
						0
					],
					[
						12073.1707317073,
						2,
						0
					],
					[
						12256.0975609756,
						3,
						0
					],
					[
						12347.5609756098,
						2,
						0
					],
					[
						12530.487804878,
						3,
						0
					],
					[
						12621.9512195122,
						0,
						0
					],
					[
						12804.8780487805,
						1,
						0
					],
					[
						12896.3414634146,
						0,
						0
					],
					[
						12987.8048780488,
						3,
						0
					],
					[
						13079.2682926829,
						2,
						0
					]
				],
				"mustHitSection": true,
				"bpm": 0
			},
			{
				"typeOfSection": 0,
				"lengthInSteps": 16,
				"sectionNotes": [
					[
						13170.7317073171,
						3,
						0
					],
					[
						13262.1951219512,
						1,
						0
					],
					[
						13353.6585365854,
						0,
						0
					],
					[
						13445.1219512195,
						1,
						0
					],
					[
						13536.5853658537,
						3,
						0
					],
					[
						13719.512195122,
						2,
						0
					],
					[
						13902.4390243902,
						0,
						0
					],
					[
						14085.3658536585,
						0,
						0
					],
					[
						14268.2926829268,
						3,
						0
					],
					[
						14451.2195121951,
						3,
						0
					],
					[
						13993.9024390244,
						2,
						0
					],
					[
						14359.756097561,
						1,
						0
					]
				],
				"mustHitSection": true,
				"bpm": 0
			},
			{
				"typeOfSection": 0,
				"lengthInSteps": 16,
				"sectionNotes": [
					[
						14634.1463414634,
						0,
						0
					],
					[
						14725.6097560976,
						3,
						0
					],
					[
						14817.0731707317,
						1,
						0
					],
					[
						15000,
						2,
						0
					],
					[
						15182.9268292683,
						3,
						0
					],
					[
						15365.8536585366,
						6,
						0
					],
					[
						15731.7073170732,
						2,
						274.390243902439
					],
					[
						15548.7804878049,
						5,
						0,
						"Bullet_Note"
					]
				],
				"mustHitSection": false,
				"bpm": 0
			},
			{
				"typeOfSection": 0,
				"lengthInSteps": 16,
				"sectionNotes": [
					[
						16097.5609756098,
						2,
						0
					],
					[
						16189.0243902439,
						3,
						0
					],
					[
						16280.4878048781,
						1,
						0
					],
					[
						16463.4146341463,
						6,
						0
					],
					[
						16554.8780487805,
						7,
						0
					],
					[
						16646.3414634146,
						5,
						0
					],
					[
						16829.2682926829,
						2,
						0
					],
					[
						17012.1951219512,
						2,
						0
					],
					[
						17103.6585365854,
						3,
						0
					],
					[
						17195.1219512195,
						2,
						0
					],
					[
						17378.0487804878,
						1,
						0
					]
				],
				"mustHitSection": false,
				"bpm": 0
			},
			{
				"typeOfSection": 0,
				"lengthInSteps": 16,
				"sectionNotes": [
					[
						17560.9756097561,
						0,
						0
					],
					[
						17652.4390243902,
						3,
						0
					],
					[
						17743.9024390244,
						1,
						0
					],
					[
						17926.8292682927,
						2,
						0
					],
					[
						18109.756097561,
						3,
						0
					],
					[
						18658.5365853659,
						2,
						274.390243902439
					],
					[
						18292.6829268293,
						6,
						0,
						"Bullet_Note"
					],
					[
						18475.6097560976,
						5,
						0,
						"Bullet_Note"
					]
				],
				"mustHitSection": false,
				"bpm": 0
			},
			{
				"typeOfSection": 0,
				"lengthInSteps": 16,
				"sectionNotes": [
					[
						19024.3902439024,
						2,
						0
					],
					[
						19115.8536585366,
						3,
						0
					],
					[
						19207.3170731707,
						1,
						0
					],
					[
						19298.7804878049,
						2,
						0
					],
					[
						19390.243902439,
						0,
						0
					],
					[
						19573.1707317073,
						1,
						0
					],
					[
						19756.0975609756,
						3,
						0
					],
					[
						19939.0243902439,
						2,
						0
					],
					[
						20121.9512195122,
						3,
						0
					],
					[
						20304.8780487805,
						0,
						0
					]
				],
				"mustHitSection": false,
				"bpm": 0
			},
			{
				"typeOfSection": 0,
				"lengthInSteps": 16,
				"sectionNotes": [
					[
						20487.8048780488,
						0,
						0
					],
					[
						20579.2682926829,
						3,
						0
					],
					[
						20670.7317073171,
						1,
						0
					],
					[
						20853.6585365854,
						2,
						0
					],
					[
						21036.5853658537,
						3,
						0
					],
					[
						21219.512195122,
						6,
						0
					],
					[
						21402.4390243902,
						5,
						0
					],
					[
						21585.3658536585,
						2,
						274.390243902439
					]
				],
				"mustHitSection": true,
				"bpm": 0
			},
			{
				"typeOfSection": 0,
				"lengthInSteps": 16,
				"sectionNotes": [
					[
						21951.2195121951,
						2,
						0
					],
					[
						22042.6829268293,
						3,
						0
					],
					[
						22134.1463414634,
						1,
						0
					],
					[
						22317.0731707317,
						6,
						0
					],
					[
						22408.5365853659,
						7,
						0
					],
					[
						22500,
						5,
						0
					],
					[
						22682.9268292683,
						2,
						0
					],
					[
						22865.8536585366,
						2,
						0
					],
					[
						22957.3170731707,
						3,
						0
					],
					[
						23048.7804878049,
						2,
						0
					],
					[
						23231.7073170732,
						1,
						0
					]
				],
				"mustHitSection": true,
				"bpm": 0
			},
			{
				"typeOfSection": 0,
				"lengthInSteps": 16,
				"sectionNotes": [
					[
						23414.6341463415,
						0,
						0
					],
					[
						23506.0975609756,
						3,
						0
					],
					[
						23597.5609756098,
						1,
						0
					],
					[
						23780.4878048781,
						2,
						0
					],
					[
						23963.4146341463,
						3,
						0
					],
					[
						24146.3414634146,
						6,
						0
					],
					[
						24329.2682926829,
						5,
						0
					],
					[
						24512.1951219512,
						2,
						274.390243902439
					],
					[
						24512.1951219512,
						7,
						0
					],
					[
						24695.1219512195,
						4,
						0
					]
				],
				"mustHitSection": true,
				"bpm": 0
			},
			{
				"typeOfSection": 0,
				"lengthInSteps": 16,
				"sectionNotes": [
					[
						24878.0487804878,
						2,
						0
					],
					[
						24969.512195122,
						3,
						0
					],
					[
						25060.9756097561,
						1,
						0
					],
					[
						25152.4390243902,
						2,
						0
					],
					[
						25243.9024390244,
						0,
						0
					],
					[
						25426.8292682927,
						1,
						0
					],
					[
						25609.756097561,
						3,
						0
					],
					[
						25792.6829268293,
						2,
						0
					],
					[
						25975.6097560976,
						3,
						0
					],
					[
						26158.5365853659,
						0,
						0
					],
					[
						24878.0487804878,
						5,
						274.390243902439
					],
					[
						25243.9024390244,
						6,
						274.390243902439
					],
					[
						25609.756097561,
						7,
						91.4634146341463
					],
					[
						25792.6829268293,
						4,
						91.4634146341463
					],
					[
						25975.6097560976,
						5,
						274.390243902439
					]
				],
				"mustHitSection": true,
				"bpm": 0
			},
			{
				"typeOfSection": 0,
				"lengthInSteps": 16,
				"sectionNotes": [
					[
						26341.4634146342,
						0,
						0
					],
					[
						26524.3902439024,
						1,
						0
					],
					[
						26707.3170731707,
						0,
						0
					],
					[
						26890.243902439,
						3,
						0
					],
					[
						27073.1707317073,
						1,
						0
					],
					[
						27256.0975609756,
						2,
						0
					],
					[
						27439.0243902439,
						3,
						0
					],
					[
						27621.9512195122,
						0,
						0
					],
					[
						27439.0243902439,
						6,
						274.390243902439
					],
					[
						26341.4634146342,
						-1,
						"Camera Follow Pos",
						"500",
						"440"
					],
					[
						27164.6341463415,
						-1,
						"Change Character",
						"2",
						"gf-handsup"
					],
					[
						27176.0670731707,
						-1,
						"Play Animation",
						"surrender",
						"2"
					]
				],
				"mustHitSection": false,
				"bpm": 0
			},
			{
				"typeOfSection": 0,
				"lengthInSteps": 16,
				"sectionNotes": [
					[
						27804.8780487805,
						3,
						0
					],
					[
						27896.3414634146,
						0,
						0
					],
					[
						27987.8048780488,
						2,
						0
					],
					[
						28353.6585365854,
						3,
						0
					],
					[
						28536.5853658537,
						2,
						0
					],
					[
						28902.4390243902,
						3,
						0
					],
					[
						28993.9024390244,
						0,
						0
					],
					[
						29085.3658536585,
						2,
						0
					],
					[
						28170.7317073171,
						0,
						0
					],
					[
						28262.1951219512,
						1,
						0
					],
					[
						28719.512195122,
						0,
						0
					],
					[
						28810.9756097561,
						1,
						0
					],
					[
						28445.1219512195,
						0,
						0
					],
					[
						27804.8780487805,
						5,
						640.243902439025
					],
					[
						28536.5853658537,
						6,
						640.243902439025
					],
					[
						27896.3414634146,
						-1,
						"Camera Follow Pos",
						"",
						""
					]
				],
				"mustHitSection": false,
				"bpm": 0
			},
			{
				"typeOfSection": 0,
				"lengthInSteps": 16,
				"sectionNotes": [
					[
						29268.2926829268,
						0,
						0
					],
					[
						29451.2195121951,
						1,
						0
					],
					[
						29634.1463414634,
						0,
						0
					],
					[
						29817.0731707317,
						3,
						0
					],
					[
						30000,
						1,
						0
					],
					[
						30182.9268292683,
						2,
						0
					],
					[
						30365.8536585366,
						3,
						0
					],
					[
						30548.7804878049,
						0,
						0
					],
					[
						30365.8536585366,
						6,
						274.390243902439
					]
				],
				"mustHitSection": true,
				"bpm": 0
			},
			{
				"typeOfSection": 0,
				"lengthInSteps": 16,
				"sectionNotes": [
					[
						30731.7073170732,
						3,
						0
					],
					[
						30823.1707317073,
						0,
						0
					],
					[
						30914.6341463415,
						2,
						0
					],
					[
						31280.4878048781,
						3,
						0
					],
					[
						31371.9512195122,
						0,
						0
					],
					[
						31097.5609756098,
						0,
						0
					],
					[
						31189.0243902439,
						1,
						0
					],
					[
						31463.4146341463,
						2,
						0
					],
					[
						31646.3414634146,
						0,
						0
					],
					[
						31737.8048780488,
						1,
						0
					],
					[
						31829.2682926829,
						3,
						0
					],
					[
						31920.7317073171,
						0,
						0
					],
					[
						32012.1951219512,
						2,
						0
					],
					[
						30731.7073170732,
						5,
						640.243902439025
					],
					[
						31463.4146341463,
						6,
						640.243902439025
					],
					[
						31006.0975609756,
						1,
						0
					],
					[
						31554.8780487805,
						3,
						0
					]
				],
				"mustHitSection": true,
				"bpm": 0
			},
			{
				"typeOfSection": 0,
				"lengthInSteps": 16,
				"sectionNotes": [
					[
						32195.1219512195,
						0,
						0
					],
					[
						32378.0487804878,
						3,
						0
					],
					[
						32743.9024390244,
						4,
						0
					],
					[
						32926.8292682927,
						7,
						0
					],
					[
						32560.9756097561,
						1,
						0
					],
					[
						33109.756097561,
						5,
						0
					],
					[
						33292.6829268293,
						6,
						274.390243902439
					],
					[
						33292.6829268293,
						2,
						274.390243902439
					]
				],
				"mustHitSection": false,
				"bpm": 0
			},
			{
				"typeOfSection": 0,
				"lengthInSteps": 16,
				"sectionNotes": [
					[
						33658.5365853659,
						4,
						640.243902439025
					],
					[
						34390.243902439,
						5,
						640.243902439025
					],
					[
						33658.5365853659,
						3,
						640.243902439025
					],
					[
						34390.243902439,
						1,
						640.243902439025
					]
				],
				"mustHitSection": false,
				"bpm": 0
			},
			{
				"typeOfSection": 0,
				"lengthInSteps": 16,
				"sectionNotes": [
					[
						35213.4146341463,
						0,
						0
					],
					[
						35396.3414634146,
						0,
						0
					],
					[
						35487.8048780488,
						1,
						0
					],
					[
						35579.2682926829,
						0,
						0
					],
					[
						35670.7317073171,
						6,
						0
					],
					[
						35762.1951219512,
						4,
						0
					],
					[
						35853.6585365854,
						7,
						0
					],
					[
						35945.1219512195,
						4,
						0
					],
					[
						36036.5853658537,
						5,
						0
					],
					[
						36128.0487804878,
						4,
						0
					],
					[
						36219.512195122,
						2,
						274.390243902439
					],
					[
						36219.512195122,
						6,
						274.390243902439
					],
					[
						35121.9512195122,
						3,
						0
					],
					[
						35304.8780487805,
						2,
						0
					]
				],
				"mustHitSection": true,
				"bpm": 0
			},
			{
				"typeOfSection": 0,
				"lengthInSteps": 16,
				"sectionNotes": [
					[
						36585.3658536585,
						1,
						274.390243902439
					],
					[
						36585.3658536585,
						5,
						274.390243902439
					],
					[
						36951.2195121951,
						0,
						0
					],
					[
						37134.1463414634,
						3,
						0
					],
					[
						37317.0731707317,
						0,
						274.390243902439
					],
					[
						37317.0731707317,
						7,
						274.390243902439
					],
					[
						37134.1463414634,
						4,
						0
					],
					[
						36951.2195121951,
						7,
						0
					],
					[
						37682.9268292683,
						1,
						274.390243902439
					],
					[
						37682.9268292683,
						5,
						274.390243902439
					]
				],
				"mustHitSection": true,
				"bpm": 0
			},
			{
				"typeOfSection": 0,
				"lengthInSteps": 16,
				"sectionNotes": [
					[
						38048.7804878049,
						3,
						0
					],
					[
						38140.243902439,
						0,
						0
					],
					[
						38231.7073170732,
						1,
						0
					],
					[
						38414.6341463415,
						2,
						0
					],
					[
						38597.5609756098,
						3,
						0
					],
					[
						38780.4878048781,
						3,
						0
					],
					[
						38689.0243902439,
						0,
						0
					],
					[
						38871.9512195122,
						0,
						0
					],
					[
						38963.4146341463,
						2,
						0
					],
					[
						39054.8780487805,
						0,
						0
					],
					[
						39146.3414634146,
						1,
						0
					],
					[
						39237.8048780488,
						2,
						0
					],
					[
						39329.2682926829,
						3,
						0
					],
					[
						39420.7317073171,
						0,
						0
					]
				],
				"mustHitSection": false,
				"bpm": 0
			},
			{
				"typeOfSection": 0,
				"lengthInSteps": 16,
				"sectionNotes": [
					[
						39512.1951219512,
						1,
						0
					],
					[
						39603.6585365854,
						2,
						0
					],
					[
						39695.1219512195,
						3,
						0
					],
					[
						39786.5853658537,
						0,
						0
					],
					[
						39878.0487804878,
						3,
						0
					],
					[
						39969.512195122,
						1,
						0
					],
					[
						40060.9756097561,
						3,
						0
					],
					[
						40152.4390243903,
						0,
						0
					],
					[
						40243.9024390244,
						2,
						0
					],
					[
						40426.8292682927,
						3,
						0
					],
					[
						40792.6829268293,
						0,
						0
					],
					[
						40609.756097561,
						5,
						0,
						"Bullet_Note"
					]
				],
				"mustHitSection": false,
				"bpm": 0
			},
			{
				"typeOfSection": 0,
				"lengthInSteps": 16,
				"sectionNotes": [
					[
						40975.6097560976,
						3,
						0
					],
					[
						41067.0731707317,
						0,
						0
					],
					[
						41158.5365853659,
						1,
						0
					],
					[
						41341.4634146341,
						2,
						0
					],
					[
						41524.3902439024,
						3,
						0
					],
					[
						41707.3170731707,
						3,
						0
					],
					[
						41615.8536585366,
						0,
						0
					],
					[
						41798.7804878049,
						0,
						0
					],
					[
						41890.243902439,
						2,
						0
					],
					[
						41981.7073170732,
						0,
						0
					],
					[
						42073.1707317073,
						1,
						0
					],
					[
						42164.6341463415,
						2,
						0
					],
					[
						42256.0975609756,
						3,
						0
					],
					[
						42347.5609756098,
						0,
						0
					]
				],
				"mustHitSection": false,
				"bpm": 0
			},
			{
				"typeOfSection": 0,
				"lengthInSteps": 16,
				"sectionNotes": [
					[
						42439.0243902439,
						1,
						0
					],
					[
						42530.4878048781,
						2,
						0
					],
					[
						42621.9512195122,
						3,
						0
					],
					[
						43170.7317073171,
						2,
						0
					],
					[
						43353.6585365854,
						3,
						0
					],
					[
						43719.512195122,
						0,
						0
					],
					[
						42804.8780487805,
						4,
						0,
						"Bullet_Note"
					],
					[
						42987.8048780488,
						4,
						0,
						"Bullet_Note"
					],
					[
						42896.3414634146,
						7,
						0,
						"Bullet_Note"
					],
					[
						43536.5853658537,
						5,
						0,
						"Bullet_Note"
					],
					[
						43719.512195122,
						7,
						0,
						"Bullet_Note"
					]
				],
				"mustHitSection": false,
				"bpm": 0
			},
			{
				"typeOfSection": 0,
				"lengthInSteps": 16,
				"sectionNotes": [
					[
						43902.4390243902,
						3,
						0
					],
					[
						43993.9024390244,
						0,
						0
					],
					[
						44451.2195121951,
						3,
						0
					],
					[
						44634.1463414634,
						3,
						0
					],
					[
						44542.6829268293,
						0,
						0
					],
					[
						44725.6097560976,
						0,
						0
					],
					[
						45000,
						1,
						0
					],
					[
						45091.4634146342,
						2,
						0
					],
					[
						45182.9268292683,
						3,
						0
					],
					[
						45274.3902439024,
						0,
						0
					],
					[
						43902.4390243903,
						7,
						0
					],
					[
						44451.2195121951,
						7,
						0
					],
					[
						44817.0731707317,
						7,
						0
					],
					[
						45182.9268292683,
						7,
						0
					],
					[
						45274.3902439024,
						6,
						0
					],
					[
						44085.3658536585,
						3,
						0
					],
					[
						44268.2926829268,
						1,
						0
					],
					[
						44817.0731707317,
						1,
						0
					],
					[
						44908.5365853659,
						2,
						0
					]
				],
				"mustHitSection": true,
				"bpm": 0
			},
			{
				"typeOfSection": 0,
				"lengthInSteps": 16,
				"sectionNotes": [
					[
						45365.8536585366,
						7,
						0
					],
					[
						45914.6341463415,
						7,
						0
					],
					[
						46280.4878048781,
						7,
						0
					],
					[
						46646.3414634146,
						7,
						0
					],
					[
						45365.8536585366,
						1,
						0
					],
					[
						45457.3170731707,
						2,
						0
					],
					[
						45640.243902439,
						0,
						0
					],
					[
						45731.7073170732,
						3,
						0
					],
					[
						45823.1707317073,
						1,
						0
					],
					[
						45914.6341463415,
						3,
						0
					],
					[
						46006.0975609756,
						0,
						0
					],
					[
						46097.5609756098,
						2,
						0
					],
					[
						46280.4878048781,
						3,
						0
					],
					[
						46646.3414634146,
						0,
						0
					],
					[
						46463.4146341463,
						7,
						0
					],
					[
						46463.4146341463,
						2,
						0
					],
					[
						45548.7804878049,
						1,
						0
					]
				],
				"mustHitSection": true,
				"bpm": 0
			},
			{
				"lengthInSteps": 16,
				"sectionNotes": [
					[
						46829.2682926829,
						3,
						0
					],
					[
						46920.7317073171,
						0,
						0
					],
					[
						47012.1951219512,
						1,
						0
					],
					[
						47195.1219512195,
						2,
						0
					],
					[
						47378.0487804878,
						3,
						0
					],
					[
						47560.9756097561,
						3,
						0
					],
					[
						47469.512195122,
						0,
						0
					],
					[
						47652.4390243903,
						0,
						0
					],
					[
						47835.3658536585,
						0,
						0
					],
					[
						47926.8292682927,
						1,
						0
					],
					[
						48018.2926829268,
						2,
						0
					],
					[
						48109.756097561,
						3,
						0
					],
					[
						48201.2195121951,
						0,
						0
					],
					[
						46829.2682926829,
						7,
						0
					],
					[
						47378.0487804878,
						7,
						0
					],
					[
						47743.9024390244,
						7,
						0
					],
					[
						48109.756097561,
						7,
						0
					],
					[
						48201.2195121951,
						6,
						0
					],
					[
						47743.9024390244,
						3,
						0
					]
				],
				"typeOfSection": 0,
				"mustHitSection": true,
				"changeBPM": false,
				"bpm": 0
			},
			{
				"sectionNotes": [
					[
						48292.6829268293,
						1,
						0
					],
					[
						48384.1463414634,
						2,
						0
					],
					[
						49024.3902439024,
						2,
						0
					],
					[
						49207.3170731707,
						3,
						0
					],
					[
						49573.1707317073,
						0,
						0
					],
					[
						49390.243902439,
						2,
						0
					],
					[
						48292.6829268293,
						7,
						0
					],
					[
						48841.4634146342,
						7,
						0
					],
					[
						49207.3170731707,
						7,
						0
					],
					[
						49390.243902439,
						7,
						0
					],
					[
						49573.1707317073,
						7,
						0
					],
					[
						48475.6097560976,
						1,
						0
					],
					[
						48658.5365853659,
						3,
						0
					],
					[
						48750,
						0,
						0
					],
					[
						48841.4634146342,
						3,
						0
					]
				],
				"typeOfSection": 0,
				"lengthInSteps": 16,
				"altAnim": false,
				"mustHitSection": true,
				"changeBPM": false,
				"bpm": 0
			},
			{
				"sectionNotes": [
					[
						49756.0975609756,
						3,
						0
					],
					[
						49847.5609756098,
						0,
						0
					],
					[
						49939.0243902439,
						1,
						0
					],
					[
						50121.9512195122,
						2,
						0
					],
					[
						50304.8780487805,
						3,
						0
					],
					[
						50396.3414634146,
						0,
						0
					],
					[
						49756.0975609756,
						7,
						0
					],
					[
						50304.8780487805,
						7,
						0
					],
					[
						50487.8048780488,
						2,
						0
					],
					[
						50579.2682926829,
						3,
						0
					],
					[
						50670.7317073171,
						7,
						0
					],
					[
						50670.7317073171,
						2,
						0
					],
					[
						50762.1951219512,
						3,
						0
					],
					[
						50853.6585365854,
						1,
						0
					],
					[
						50945.1219512195,
						0,
						0
					],
					[
						51036.5853658537,
						1,
						0
					],
					[
						51128.0487804878,
						0,
						0
					],
					[
						51036.5853658537,
						7,
						0
					],
					[
						51128.0487804878,
						6,
						0
					]
				],
				"typeOfSection": 0,
				"lengthInSteps": 16,
				"altAnim": false,
				"mustHitSection": false,
				"changeBPM": false,
				"bpm": 0
			},
			{
				"sectionNotes": [
					[
						51219.5121951219,
						3,
						0
					],
					[
						51310.9756097561,
						0,
						0
					],
					[
						51402.4390243903,
						1,
						0
					],
					[
						51585.3658536585,
						2,
						0
					],
					[
						51768.2926829268,
						3,
						0
					],
					[
						51859.756097561,
						0,
						0
					],
					[
						51768.2926829268,
						7,
						0
					],
					[
						51951.2195121951,
						2,
						0
					],
					[
						52134.1463414634,
						7,
						0
					],
					[
						52134.1463414634,
						2,
						0
					],
					[
						52408.5365853659,
						1,
						0
					],
					[
						52042.6829268293,
						0,
						0
					],
					[
						52225.6097560976,
						0,
						0
					],
					[
						52317.0731707317,
						3,
						0
					],
					[
						52317.0731707317,
						7,
						0
					],
					[
						52500,
						0,
						0
					],
					[
						52500,
						7,
						0
					],
					[
						52591.4634146342,
						2,
						0
					],
					[
						51219.512195122,
						4,
						0
					]
				],
				"typeOfSection": 0,
				"lengthInSteps": 16,
				"altAnim": false,
				"mustHitSection": false,
				"changeBPM": false,
				"bpm": 0
			},
			{
				"sectionNotes": [
					[
						52682.9268292683,
						3,
						0
					],
					[
						52774.3902439024,
						0,
						0
					],
					[
						52865.8536585366,
						1,
						0
					],
					[
						53048.7804878049,
						2,
						0
					],
					[
						53231.7073170732,
						3,
						0
					],
					[
						53323.1707317073,
						0,
						0
					],
					[
						53414.6341463415,
						2,
						0
					],
					[
						53871.9512195122,
						1,
						0
					],
					[
						53506.0975609756,
						3,
						0
					],
					[
						53597.5609756098,
						1,
						0
					],
					[
						53689.0243902439,
						2,
						0
					],
					[
						53780.4878048781,
						3,
						0
					],
					[
						53963.4146341464,
						2,
						0
					],
					[
						54054.8780487805,
						3,
						0
					],
					[
						52682.9268292683,
						4,
						0
					],
					[
						53231.7073170732,
						4,
						0
					],
					[
						53597.5609756098,
						4,
						0
					],
					[
						53963.4146341464,
						4,
						0
					],
					[
						54054.8780487805,
						5,
						0
					]
				],
				"typeOfSection": 0,
				"lengthInSteps": 16,
				"altAnim": false,
				"mustHitSection": false,
				"changeBPM": false,
				"bpm": 0
			},
			{
				"sectionNotes": [
					[
						54146.3414634146,
						2,
						0
					],
					[
						54237.8048780488,
						3,
						0
					],
					[
						54146.3414634146,
						7,
						0
					],
					[
						54695.1219512195,
						2,
						0
					],
					[
						54786.5853658537,
						3,
						0
					],
					[
						54695.1219512195,
						7,
						0
					],
					[
						55060.9756097561,
						7,
						0
					],
					[
						55243.9024390244,
						7,
						0
					],
					[
						55426.8292682927,
						7,
						0
					],
					[
						54969.512195122,
						1,
						0
					],
					[
						55060.9756097561,
						2,
						0
					],
					[
						55152.4390243903,
						3,
						0
					],
					[
						55335.3658536585,
						3,
						0
					],
					[
						55243.9024390244,
						0,
						0
					],
					[
						55426.8292682927,
						1,
						0
					],
					[
						55518.2926829268,
						3,
						0
					],
					[
						54329.2682926829,
						5,
						0,
						"Bullet_Note"
					],
					[
						54512.1951219512,
						5,
						0,
						"Bullet_Note"
					],
					[
						54878.0487804878,
						5,
						0,
						"Bullet_Note"
					]
				],
				"typeOfSection": 0,
				"lengthInSteps": 16,
				"altAnim": false,
				"mustHitSection": false,
				"changeBPM": false,
				"bpm": 0
			},
			{
				"sectionNotes": [
					[
						55609.756097561,
						3,
						0
					],
					[
						55701.2195121951,
						0,
						0
					],
					[
						55792.6829268293,
						1,
						0
					],
					[
						55975.6097560976,
						2,
						0
					],
					[
						56158.5365853659,
						3,
						0
					],
					[
						56250,
						0,
						0
					],
					[
						56341.4634146342,
						2,
						0
					],
					[
						56432.9268292683,
						3,
						0
					],
					[
						56524.3902439025,
						2,
						0
					],
					[
						56615.8536585366,
						3,
						0
					],
					[
						56524.3902439025,
						6,
						0
					],
					[
						56707.3170731707,
						6,
						274.390243902439
					],
					[
						56707.3170731707,
						1,
						0
					],
					[
						56798.7804878049,
						0,
						0
					],
					[
						56890.243902439,
						1,
						0
					],
					[
						56981.7073170732,
						0,
						0
					]
				],
				"typeOfSection": 0,
				"lengthInSteps": 16,
				"altAnim": false,
				"mustHitSection": true,
				"changeBPM": false,
				"bpm": 0
			},
			{
				"sectionNotes": [
					[
						57073.1707317073,
						3,
						0
					],
					[
						57164.6341463415,
						0,
						0
					],
					[
						57256.0975609756,
						1,
						0
					],
					[
						57439.0243902439,
						2,
						0
					],
					[
						57621.9512195122,
						3,
						0
					],
					[
						57713.4146341464,
						0,
						0
					],
					[
						57804.8780487805,
						2,
						0
					],
					[
						57987.8048780488,
						2,
						0
					],
					[
						58262.1951219512,
						1,
						0
					],
					[
						57896.3414634146,
						0,
						0
					],
					[
						58079.2682926829,
						0,
						0
					],
					[
						58170.7317073171,
						3,
						0
					],
					[
						57987.8048780488,
						6,
						0
					],
					[
						58170.7317073171,
						5,
						274.390243902439
					],
					[
						58353.6585365854,
						0,
						0
					],
					[
						58445.1219512195,
						2,
						0
					]
				],
				"typeOfSection": 0,
				"lengthInSteps": 16,
				"altAnim": false,
				"mustHitSection": true,
				"changeBPM": false,
				"bpm": 0
			},
			{
				"sectionNotes": [
					[
						58536.5853658537,
						3,
						0
					],
					[
						58628.0487804878,
						0,
						0
					],
					[
						58719.512195122,
						1,
						0
					],
					[
						58902.4390243903,
						2,
						0
					],
					[
						59085.3658536585,
						3,
						0
					],
					[
						59176.8292682927,
						0,
						0
					],
					[
						59268.2926829268,
						2,
						0
					],
					[
						59725.6097560976,
						1,
						0
					],
					[
						59359.756097561,
						3,
						0
					],
					[
						59451.2195121951,
						1,
						0
					],
					[
						59542.6829268293,
						2,
						0
					],
					[
						59634.1463414634,
						3,
						0
					],
					[
						59817.0731707317,
						2,
						0
					],
					[
						59908.5365853659,
						3,
						0
					],
					[
						59451.2195121951,
						6,
						0
					],
					[
						59634.1463414634,
						6,
						274.390243902439
					]
				],
				"typeOfSection": 0,
				"lengthInSteps": 16,
				"altAnim": false,
				"mustHitSection": true,
				"changeBPM": false,
				"bpm": 0
			},
			{
				"sectionNotes": [
					[
						60000,
						2,
						0
					],
					[
						60091.4634146342,
						3,
						0
					],
					[
						60548.7804878049,
						2,
						0
					],
					[
						60640.243902439,
						3,
						0
					],
					[
						60823.1707317073,
						1,
						0
					],
					[
						60914.6341463415,
						2,
						0
					],
					[
						61006.0975609756,
						3,
						0
					],
					[
						61189.0243902439,
						3,
						0
					],
					[
						61097.5609756098,
						0,
						0
					],
					[
						61280.4878048781,
						1,
						0
					],
					[
						61371.9512195122,
						3,
						0
					],
					[
						60000,
						6,
						640.243902439025
					],
					[
						60731.7073170732,
						5,
						640.243902439025
					],
					[
						60182.9268292683,
						0,
						0
					],
					[
						60274.3902439025,
						3,
						0
					],
					[
						60457.3170731707,
						0,
						0
					],
					[
						60365.8536585366,
						1,
						0
					],
					[
						60731.7073170732,
						0,
						0
					],
					[
						61461.9855182927,
						-1,
						"Change Character",
						"1",
						"hank-scared"
					],
					[
						60731.7073170732,
						-1,
						"Camera Follow Pos",
						"500",
						"540"
					],
					[
						60823.1707317073,
						-1,
						"Change Character",
						"2",
						"acceleranttricky"
					],
					[
						60834.6036585366,
						-1,
						"Play Animation",
						"land",
						"2"
					]
				],
				"typeOfSection": 0,
				"lengthInSteps": 16,
				"altAnim": false,
				"mustHitSection": true,
				"changeBPM": false,
				"bpm": 0
			},
			{
				"sectionNotes": [
					[
						61463.4146341464,
						3,
						0,
						"GF Sing"
					],
					[
						62560.9756097561,
						2,
						274.390243902439,
						"GF Sing"
					],
					[
						61646.3414634146,
						3,
						0,
						"GF Sing"
					],
					[
						61737.8048780488,
						1,
						0,
						"GF Sing"
					],
					[
						61829.2682926829,
						0,
						0,
						"GF Sing"
					],
					[
						62012.1951219512,
						3,
						0,
						"GF Sing"
					],
					[
						62378.0487804878,
						3,
						0,
						"GF Sing"
					],
					[
						61463.4146341464,
						0,
						0,
						"Hell Note"
					],
					[
						62012.1951219512,
						0,
						0,
						"Hell Note"
					],
					[
						62195.1219512195,
						0,
						0,
						"Hell Note"
					],
					[
						62378.0487804878,
						0,
						0,
						"Hell Note"
					],
					[
						62743.9024390244,
						1,
						0,
						"Hell Note"
					]
				],
				"typeOfSection": 0,
				"lengthInSteps": 16,
				"altAnim": false,
				"mustHitSection": false,
				"changeBPM": false,
				"bpm": 0
			},
			{
				"sectionNotes": [
					[
						64024.3902439025,
						1,
						274.390243902439,
						"GF Sing"
					],
					[
						62926.8292682927,
						3,
						0,
						"GF Sing"
					],
					[
						63109.756097561,
						0,
						0,
						"GF Sing"
					],
					[
						63201.2195121951,
						2,
						0,
						"GF Sing"
					],
					[
						63292.6829268293,
						3,
						0,
						"GF Sing"
					],
					[
						63841.4634146342,
						3,
						0,
						"GF Sing"
					],
					[
						63475.6097560976,
						3,
						0,
						"GF Sing"
					],
					[
						62926.8292682927,
						0,
						0,
						"Hell Note"
					],
					[
						63475.6097560976,
						0,
						0,
						"Hell Note"
					],
					[
						63658.5365853659,
						0,
						0,
						"Hell Note"
					],
					[
						63841.4634146342,
						0,
						0,
						"Hell Note"
					],
					[
						64207.3170731708,
						2,
						0,
						"Hell Note"
					]
				],
				"typeOfSection": 0,
				"lengthInSteps": 16,
				"altAnim": false,
				"mustHitSection": false,
				"changeBPM": false,
				"bpm": 0
			},
			{
				"sectionNotes": [
					[
						64481.7073170732,
						1,
						0,
						"GF Sing"
					],
					[
						64573.1707317073,
						2,
						0,
						"GF Sing"
					],
					[
						64664.6341463415,
						1,
						0,
						"GF Sing"
					],
					[
						64756.0975609756,
						0,
						0,
						"GF Sing"
					],
					[
						64390.243902439,
						3,
						0,
						"GF Sing"
					],
					[
						64939.0243902439,
						3,
						0,
						"GF Sing"
					],
					[
						65121.9512195122,
						2,
						0,
						"GF Sing"
					],
					[
						65304.8780487805,
						1,
						0,
						"GF Sing"
					],
					[
						65487.8048780488,
						2,
						0,
						"GF Sing"
					],
					[
						65579.2682926829,
						3,
						0,
						"GF Sing"
					],
					[
						65670.7317073171,
						1,
						0,
						"GF Sing"
					],
					[
						64939.0243902439,
						0,
						0,
						"Hell Note"
					],
					[
						65121.9512195122,
						0,
						0,
						"Hell Note"
					],
					[
						65304.8780487805,
						3,
						0,
						"Hell Note"
					],
					[
						65762.1951219512,
						3,
						0,
						"Hell Note"
					]
				],
				"typeOfSection": 0,
				"lengthInSteps": 16,
				"altAnim": false,
				"mustHitSection": false,
				"changeBPM": false,
				"bpm": 0
			},
			{
				"sectionNotes": [
					[
						66676.8292682927,
						-1,
						"Camera Follow Pos",
						"",
						""
					],
					[
						65853.6585365854,
						7,
						0,
						"GF Sing"
					],
					[
						66219.512195122,
						5,
						0,
						"GF Sing"
					],
					[
						66402.4390243903,
						7,
						0,
						"GF Sing"
					],
					[
						66676.8292682927,
						7,
						0,
						"GF Sing"
					],
					[
						66768.2926829268,
						6,
						0,
						"GF Sing"
					],
					[
						66859.756097561,
						7,
						0,
						"GF Sing"
					],
					[
						66951.2195121951,
						6,
						0,
						"GF Sing"
					],
					[
						67042.6829268293,
						7,
						0,
						"GF Sing"
					],
					[
						66036.5853658537,
						5,
						0,
						"GF Sing"
					],
					[
						66128.0487804878,
						4,
						0,
						"GF Sing"
					],
					[
						67134.1463414634,
						6,
						0,
						"GF Sing"
					],
					[
						67225.6097560976,
						5,
						0,
						"GF Sing"
					],
					[
						66402.4390243903,
						4,
						0,
						"Hell Note"
					],
					[
						66585.3658536586,
						4,
						0,
						"Hell Note"
					],
					[
						66585.3658536586,
						5,
						0,
						"GF Sing"
					],
					[
						65853.6585365854,
						4,
						0,
						"Hell Note"
					],
					[
						66859.756097561,
						4,
						0,
						"Hell Note"
					],
					[
						67134.1463414634,
						4,
						0,
						"Hell Note"
					]
				],
				"typeOfSection": 0,
				"lengthInSteps": 16,
				"altAnim": false,
				"mustHitSection": true,
				"changeBPM": false,
				"bpm": 0
			},
			{
				"sectionNotes": [
					[
						67317.0731707318,
						3,
						0
					],
					[
						67500,
						3,
						0
					],
					[
						67591.4634146342,
						1,
						0
					],
					[
						67682.9268292683,
						0,
						0
					],
					[
						67865.8536585366,
						3,
						0
					],
					[
						68231.7073170732,
						3,
						0
					],
					[
						68414.6341463415,
						2,
						274.390243902439
					],
					[
						67317.0731707317,
						6,
						823.170731707318,
						"GF Sing"
					],
					[
						67317.0731707317,
						0,
						0,
						"Hell Note"
					],
					[
						67865.8536585366,
						0,
						0,
						"Hell Note"
					],
					[
						68048.7804878049,
						0,
						0,
						"Hell Note"
					],
					[
						68231.7073170732,
						0,
						0,
						"Hell Note"
					],
					[
						68597.5609756098,
						1,
						0,
						"Hell Note"
					],
					[
						67317.0731707317,
						-1,
						"Screen Shake",
						"0.5, 0.02",
						""
					]
				],
				"typeOfSection": 0,
				"lengthInSteps": 16,
				"altAnim": false,
				"mustHitSection": true,
				"changeBPM": false,
				"bpm": 0
			},
			{
				"sectionNotes": [
					[
						68780.4878048781,
						3,
						0
					],
					[
						68963.4146341464,
						3,
						0
					],
					[
						69054.8780487805,
						1,
						0
					],
					[
						69146.3414634147,
						0,
						0
					],
					[
						69329.268292683,
						3,
						0
					],
					[
						69695.1219512196,
						3,
						0
					],
					[
						69878.0487804879,
						1,
						274.390243902439
					],
					[
						68780.4878048781,
						0,
						0,
						"Hell Note"
					],
					[
						69329.2682926829,
						0,
						0,
						"Hell Note"
					],
					[
						69512.1951219512,
						0,
						0,
						"Hell Note"
					],
					[
						69695.1219512195,
						0,
						0,
						"Hell Note"
					],
					[
						70060.9756097561,
						2,
						0,
						"Hell Note"
					]
				],
				"typeOfSection": 0,
				"lengthInSteps": 16,
				"altAnim": false,
				"mustHitSection": true,
				"changeBPM": false,
				"bpm": 0
			},
			{
				"sectionNotes": [
					[
						70243.9024390244,
						3,
						0
					],
					[
						70609.756097561,
						0,
						0
					],
					[
						70792.6829268293,
						3,
						0
					],
					[
						70335.3658536586,
						1,
						0
					],
					[
						70426.8292682927,
						2,
						0
					],
					[
						70518.2926829269,
						1,
						0
					],
					[
						70975.6097560976,
						2,
						0
					],
					[
						71158.5365853659,
						1,
						0
					],
					[
						71341.4634146342,
						2,
						0
					],
					[
						71432.9268292683,
						3,
						0
					],
					[
						71524.3902439025,
						1,
						0
					],
					[
						70792.6829268293,
						0,
						0,
						"Hell Note"
					],
					[
						70975.6097560976,
						0,
						0,
						"Hell Note"
					],
					[
						71158.5365853658,
						3,
						0,
						"Hell Note"
					],
					[
						71615.8536585366,
						3,
						0,
						"Hell Note"
					]
				],
				"typeOfSection": 0,
				"lengthInSteps": 16,
				"altAnim": false,
				"mustHitSection": true,
				"changeBPM": false,
				"bpm": 0
			},
			{
				"sectionNotes": [
					[
						71707.3170731708,
						3,
						0
					],
					[
						71890.2439024391,
						3,
						0
					],
					[
						71981.7073170732,
						1,
						0
					],
					[
						72073.1707317074,
						0,
						0
					],
					[
						72256.0975609757,
						3,
						0
					],
					[
						72439.024390244,
						1,
						0
					],
					[
						72530.4878048781,
						3,
						0
					],
					[
						72621.9512195122,
						2,
						0
					],
					[
						72713.4146341464,
						1,
						0
					],
					[
						73079.268292683,
						3,
						0
					],
					[
						71707.3170731707,
						0,
						0,
						"Hell Note"
					],
					[
						72256.0975609756,
						0,
						0,
						"Hell Note"
					],
					[
						72439.0243902439,
						0,
						0,
						"Hell Note"
					],
					[
						72713.4146341463,
						0,
						0,
						"Hell Note"
					],
					[
						72987.8048780488,
						0,
						0,
						"Hell Note"
					],
					[
						73079.2682926829,
						-1,
						"Change Character",
						"1",
						"hank"
					],
					[
						72987.8048780488,
						2,
						0
					],
					[
						72896.3414634146,
						1,
						0
					],
					[
						72804.8780487805,
						2,
						0
					]
				],
				"typeOfSection": 0,
				"lengthInSteps": 16,
				"altAnim": false,
				"mustHitSection": true,
				"changeBPM": false,
				"bpm": 0
			},
			{
				"sectionNotes": [
					[
						73170.7317073171,
						6,
						731.707317073171
					],
					[
						73170.7317073171,
						3,
						0
					],
					[
						73353.6585365854,
						2,
						0
					],
					[
						73445.1219512195,
						3,
						0
					],
					[
						73536.5853658536,
						1,
						0
					],
					[
						73719.5121951219,
						0,
						0
					],
					[
						73902.4390243902,
						3,
						0
					],
					[
						73993.9024390244,
						1,
						0
					],
					[
						74085.3658536585,
						0,
						0
					],
					[
						74176.8292682927,
						3,
						0
					],
					[
						74268.2926829268,
						1,
						0
					],
					[
						74359.756097561,
						0,
						0
					],
					[
						74451.2195121951,
						3,
						0
					],
					[
						74542.6829268292,
						1,
						0
					]
				],
				"typeOfSection": 0,
				"lengthInSteps": 16,
				"altAnim": false,
				"mustHitSection": false,
				"changeBPM": false,
				"bpm": 0
			},
			{
				"sectionNotes": [
					[
						74634.1463414634,
						0,
						0
					],
					[
						74908.5365853658,
						0,
						0
					],
					[
						75000,
						1,
						0
					],
					[
						74817.0731707317,
						2,
						0
					],
					[
						75365.8536585366,
						2,
						0
					],
					[
						75640.243902439,
						1,
						0
					],
					[
						75823.1707317073,
						2,
						0
					],
					[
						75914.6341463414,
						1,
						0
					],
					[
						75182.9268292683,
						5,
						0,
						"Bullet_Note"
					],
					[
						75548.7804878048,
						4,
						0,
						"Bullet_Note"
					],
					[
						75731.7073170731,
						7,
						0,
						"Bullet_Note"
					]
				],
				"typeOfSection": 0,
				"lengthInSteps": 16,
				"altAnim": false,
				"mustHitSection": false,
				"changeBPM": false,
				"bpm": 0
			},
			{
				"sectionNotes": [
					[
						76097.5609756097,
						3,
						0
					],
					[
						76280.487804878,
						0,
						0
					],
					[
						76371.9512195122,
						1,
						0
					],
					[
						76463.4146341463,
						2,
						0
					],
					[
						76646.3414634146,
						3,
						0
					],
					[
						76829.2682926829,
						2,
						0
					],
					[
						76920.731707317,
						3,
						0
					],
					[
						77012.1951219512,
						2,
						0
					],
					[
						77103.6585365853,
						3,
						0
					],
					[
						77195.1219512195,
						2,
						0
					],
					[
						77378.0487804878,
						2,
						0
					],
					[
						77286.5853658536,
						3,
						0
					],
					[
						77469.5121951219,
						1,
						0
					]
				],
				"typeOfSection": 0,
				"lengthInSteps": 16,
				"altAnim": false,
				"mustHitSection": false,
				"changeBPM": false,
				"bpm": 0
			},
			{
				"sectionNotes": [
					[
						77560.9756097561,
						0,
						0
					],
					[
						77743.9024390244,
						0,
						0
					],
					[
						77835.3658536585,
						1,
						0
					],
					[
						77926.8292682926,
						0,
						0
					],
					[
						78018.2926829268,
						1,
						0
					],
					[
						78109.7560975609,
						0,
						0
					],
					[
						78292.6829268292,
						0,
						0
					],
					[
						78475.6097560975,
						2,
						0
					],
					[
						78567.0731707317,
						3,
						0
					],
					[
						78658.5365853658,
						0,
						0
					],
					[
						79022.9611280487,
						-1,
						"Camera Follow Pos",
						"500",
						"440"
					],
					[
						78750,
						1,
						0
					],
					[
						78841.4634146341,
						3,
						0
					],
					[
						78932.9268292683,
						1,
						0
					]
				],
				"typeOfSection": 0,
				"lengthInSteps": 16,
				"altAnim": false,
				"mustHitSection": false,
				"changeBPM": false,
				"bpm": 0
			},
			{
				"sectionNotes": [
					[
						79024.3902439024,
						3,
						0
					],
					[
						79207.3170731707,
						2,
						0
					],
					[
						79298.7804878049,
						3,
						0
					],
					[
						79390.243902439,
						1,
						0
					],
					[
						79573.1707317073,
						0,
						0
					],
					[
						79847.5609756097,
						1,
						0
					],
					[
						79939.0243902439,
						0,
						0
					],
					[
						80030.487804878,
						3,
						0
					],
					[
						80121.9512195122,
						1,
						0
					],
					[
						80213.4146341463,
						0,
						0
					],
					[
						80304.8780487805,
						3,
						0
					],
					[
						80396.3414634146,
						1,
						0
					],
					[
						79024.3902439024,
						6,
						640.243902439025,
						"GF Sing"
					],
					[
						79756.0975609756,
						5,
						640.243902439025,
						"GF Sing"
					],
					[
						79756.0975609756,
						3,
						0
					],
					[
						79024.3902439024,
						4,
						0,
						"Hell Note"
					],
					[
						79024.3902439024,
						0,
						0,
						"Hell Note"
					],
					[
						79390.243902439,
						4,
						0,
						"Hell Note"
					],
					[
						79573.1707317073,
						3,
						0,
						"Hell Note"
					],
					[
						79756.0975609756,
						7,
						0,
						"Hell Note"
					],
					[
						80121.9512195121,
						7,
						0,
						"Hell Note"
					],
					[
						79024.3902439024,
						-1,
						"Change Character",
						"1",
						"hank-scared"
					]
				],
				"typeOfSection": 0,
				"lengthInSteps": 16,
				"altAnim": false,
				"mustHitSection": true,
				"changeBPM": false,
				"bpm": 0
			},
			{
				"sectionNotes": [
					[
						80853.6585365853,
						1,
						0
					],
					[
						80670.7317073171,
						2,
						0
					],
					[
						81219.5121951219,
						2,
						0
					],
					[
						81493.9024390244,
						1,
						0
					],
					[
						81676.8292682927,
						2,
						0
					],
					[
						81768.2926829268,
						1,
						0
					],
					[
						81402.4390243902,
						0,
						0
					],
					[
						81585.3658536585,
						3,
						0
					],
					[
						81036.5853658536,
						3,
						0
					],
					[
						81219.5121951219,
						5,
						91.4634146341463,
						"GF Sing"
					],
					[
						81402.4390243902,
						4,
						91.4634146341463,
						"GF Sing"
					],
					[
						81585.3658536585,
						6,
						274.390243902439,
						"GF Sing"
					],
					[
						80487.8048780487,
						0,
						0
					],
					[
						80487.8048780487,
						7,
						640.243902439025,
						"GF Sing"
					],
					[
						80762.1951219512,
						0,
						0
					],
					[
						80487.8048780487,
						4,
						0,
						"Hell Note"
					],
					[
						80487.8048780487,
						3,
						0,
						"Hell Note"
					],
					[
						80762.1951219512,
						4,
						0,
						"Hell Note"
					],
					[
						80853.6585365853,
						3,
						0,
						"Hell Note"
					],
					[
						81036.5853658536,
						0,
						0,
						"Hell Note"
					],
					[
						81219.5121951219,
						7,
						0,
						"Hell Note"
					],
					[
						81402.4390243902,
						6,
						0,
						"Hell Note"
					],
					[
						81585.3658536585,
						4,
						0,
						"Hell Note"
					]
				],
				"typeOfSection": 0,
				"lengthInSteps": 16,
				"altAnim": false,
				"mustHitSection": true,
				"changeBPM": false,
				"bpm": 0
			},
			{
				"sectionNotes": [
					[
						82500,
						3,
						0
					],
					[
						82682.9268292683,
						2,
						0
					],
					[
						82774.3902439024,
						3,
						0
					],
					[
						82865.8536585366,
						2,
						0
					],
					[
						82957.3170731707,
						3,
						0
					],
					[
						83231.7073170731,
						2,
						0
					],
					[
						81951.2195121951,
						7,
						640.243902439025,
						"GF Sing"
					],
					[
						82682.9268292682,
						4,
						640.243902439025,
						"GF Sing"
					],
					[
						83048.7804878048,
						2,
						0
					],
					[
						81951.2195121951,
						0,
						0,
						"Hell Note"
					],
					[
						81951.2195121951,
						5,
						0,
						"Hell Note"
					],
					[
						82499.9999999999,
						0,
						0,
						"Hell Note"
					],
					[
						82317.0731707316,
						5,
						0,
						"Hell Note"
					],
					[
						82682.9268292682,
						0,
						0,
						"Hell Note"
					],
					[
						82865.8536585365,
						0,
						0,
						"Hell Note"
					],
					[
						82682.9268292682,
						6,
						0,
						"Hell Note"
					],
					[
						83048.7804878048,
						6,
						0,
						"Hell Note"
					],
					[
						82134.1463414634,
						3,
						0
					],
					[
						82225.6097560975,
						3,
						0
					],
					[
						81951.2195121951,
						2,
						0
					],
					[
						82317.0731707316,
						1,
						0
					],
					[
						83140.243902439,
						3,
						0
					],
					[
						83323.1707317073,
						1,
						0
					]
				],
				"typeOfSection": 0,
				"lengthInSteps": 16,
				"altAnim": false,
				"mustHitSection": true,
				"changeBPM": false,
				"bpm": 0
			},
			{
				"sectionNotes": [
					[
						83414.6341463414,
						0,
						0
					],
					[
						83597.5609756097,
						0,
						0
					],
					[
						83689.0243902439,
						1,
						0
					],
					[
						83780.487804878,
						0,
						0
					],
					[
						83963.4146341463,
						0,
						0
					],
					[
						84146.3414634146,
						0,
						0
					],
					[
						84329.2682926829,
						2,
						0
					],
					[
						84420.731707317,
						3,
						0
					],
					[
						84512.1951219512,
						0,
						0
					],
					[
						84603.6585365853,
						3,
						0
					],
					[
						84786.5853658536,
						3,
						0
					],
					[
						83414.6341463414,
						5,
						274.390243902439,
						"GF Sing"
					],
					[
						84146.3414634146,
						5,
						91.4634146341463,
						"GF Sing"
					],
					[
						84329.2682926829,
						6,
						91.4634146341463,
						"GF Sing"
					],
					[
						84512.1951219512,
						7,
						274.390243902439,
						"GF Sing"
					],
					[
						83780.487804878,
						4,
						274.390243902439,
						"GF Sing"
					],
					[
						83414.6341463414,
						3,
						0,
						"Hell Note"
					],
					[
						83414.6341463414,
						7,
						0,
						"Hell Note"
					],
					[
						83689.0243902438,
						7,
						0,
						"Hell Note"
					],
					[
						83780.487804878,
						3,
						0,
						"Hell Note"
					],
					[
						83871.9512195121,
						6,
						0,
						"Hell Note"
					],
					[
						84146.3414634146,
						3,
						0,
						"Hell Note"
					],
					[
						84329.2682926829,
						4,
						0,
						"Hell Note"
					],
					[
						84512.1951219512,
						5,
						0,
						"Hell Note"
					],
					[
						84786.5853658536,
						-1,
						"Camera Follow Pos",
						"450",
						"550"
					],
					[
						83506.0975609755,
						1,
						0
					],
					[
						84237.8048780487,
						1,
						0
					],
					[
						84054.8780487804,
						1,
						0
					],
					[
						83871.9512195121,
						1,
						0
					],
					[
						84695.1219512195,
						0,
						0
					]
				],
				"typeOfSection": 0,
				"lengthInSteps": 16,
				"altAnim": false,
				"mustHitSection": true,
				"changeBPM": false,
				"bpm": 0
			},
			{
				"sectionNotes": [
					[
						85609.7560975609,
						-1,
						"Play Animation",
						"shoot",
						"0"
					],
					[
						86325.4573170731,
						-1,
						"Change Character",
						"1",
						"hank"
					]
				],
				"typeOfSection": 0,
				"lengthInSteps": 16,
				"altAnim": false,
				"mustHitSection": false,
				"changeBPM": false,
				"bpm": 0
			},
			{
				"sectionNotes": [
					[
						86341.4634146342,
						3,
						0
					],
					[
						86432.9268292683,
						0,
						0
					],
					[
						86524.3902439025,
						1,
						0
					],
					[
						86707.3170731708,
						2,
						0
					],
					[
						86890.2439024391,
						3,
						0
					],
					[
						87073.1707317074,
						3,
						0
					],
					[
						86981.7073170732,
						0,
						0
					],
					[
						87164.6341463415,
						0,
						0
					],
					[
						87256.0975609756,
						2,
						0
					],
					[
						87347.5609756098,
						0,
						0
					],
					[
						87439.0243902439,
						1,
						0
					],
					[
						87530.4878048781,
						2,
						0
					],
					[
						87621.9512195122,
						3,
						0
					],
					[
						87713.4146341464,
						0,
						0
					],
					[
						86890.2439024389,
						5,
						0
					],
					[
						87073.1707317072,
						4,
						0
					],
					[
						87164.6341463414,
						5,
						0
					],
					[
						87256.0975609755,
						6,
						0
					],
					[
						87439.0243902438,
						7,
						0
					],
					[
						87530.487804878,
						6,
						0
					],
					[
						87621.9512195121,
						5,
						0
					],
					[
						86341.4634146341,
						-1,
						"Camera Follow Pos",
						"",
						""
					]
				],
				"typeOfSection": 0,
				"lengthInSteps": 16,
				"altAnim": false,
				"mustHitSection": false,
				"changeBPM": false,
				"bpm": 0
			},
			{
				"sectionNotes": [
					[
						87804.8780487805,
						1,
						0
					],
					[
						87896.3414634147,
						2,
						0
					],
					[
						87987.8048780488,
						3,
						0
					],
					[
						88079.268292683,
						0,
						0
					],
					[
						88170.7317073171,
						3,
						0
					],
					[
						88262.1951219513,
						1,
						0
					],
					[
						88353.6585365854,
						3,
						0
					],
					[
						88445.1219512196,
						0,
						0
					],
					[
						88536.5853658537,
						2,
						0
					],
					[
						88719.512195122,
						3,
						0
					],
					[
						88902.4390243903,
						5,
						0
					],
					[
						89085.3658536586,
						0,
						0
					],
					[
						88353.6585365853,
						5,
						0
					],
					[
						88536.5853658536,
						4,
						0
					],
					[
						88628.0487804877,
						5,
						0
					],
					[
						88719.5121951219,
						6,
						0
					],
					[
						89085.3658536585,
						7,
						0
					],
					[
						88993.9024390243,
						6,
						0,
						"Bullet_Note"
					]
				],
				"typeOfSection": 0,
				"lengthInSteps": 16,
				"altAnim": false,
				"mustHitSection": false,
				"changeBPM": false,
				"bpm": 0
			},
			{
				"sectionNotes": [
					[
						89268.2926829269,
						3,
						0
					],
					[
						89359.756097561,
						0,
						0
					],
					[
						89451.2195121952,
						1,
						0
					],
					[
						89634.1463414634,
						2,
						0
					],
					[
						89817.0731707317,
						3,
						0
					],
					[
						90000,
						3,
						0
					],
					[
						89908.5365853659,
						0,
						0
					],
					[
						90091.4634146342,
						0,
						0
					],
					[
						90182.9268292683,
						2,
						0
					],
					[
						90274.3902439025,
						0,
						0
					],
					[
						90365.8536585366,
						1,
						0
					],
					[
						90457.3170731708,
						2,
						0
					],
					[
						90548.7804878049,
						3,
						0
					],
					[
						90640.2439024391,
						0,
						0
					],
					[
						89817.0731707316,
						5,
						0
					],
					[
						90091.4634146341,
						5,
						0
					],
					[
						89999.9999999999,
						4,
						0
					],
					[
						90182.9268292682,
						6,
						0
					],
					[
						90365.8536585365,
						7,
						0
					],
					[
						90457.3170731706,
						6,
						0
					],
					[
						90548.7804878048,
						5,
						0
					]
				],
				"typeOfSection": 0,
				"lengthInSteps": 16,
				"altAnim": false,
				"mustHitSection": false,
				"changeBPM": false,
				"bpm": 0
			},
			{
				"sectionNotes": [
					[
						90731.7073170732,
						1,
						0
					],
					[
						90823.1707317074,
						2,
						0
					],
					[
						90914.6341463415,
						3,
						0
					],
					[
						91463.4146341464,
						2,
						0
					],
					[
						91646.3414634147,
						3,
						0
					],
					[
						92012.1951219513,
						0,
						0
					],
					[
						90731.7073170731,
						4,
						274.390243902439
					],
					[
						91280.487804878,
						4,
						0
					],
					[
						91463.4146341462,
						6,
						274.390243902439
					],
					[
						91097.5609756097,
						5,
						0,
						"Bullet_Note"
					],
					[
						91371.9512195121,
						5,
						0,
						"Bullet_Note"
					],
					[
						91829.2682926828,
						5,
						0,
						"Bullet_Note"
					]
				],
				"typeOfSection": 0,
				"lengthInSteps": 16,
				"altAnim": false,
				"mustHitSection": false,
				"changeBPM": false,
				"bpm": 0
			},
			{
				"lengthInSteps": 16,
				"typeOfSection": 0,
				"sectionNotes": [
					[
						92195.1219512195,
						3,
						0
					],
					[
						92286.5853658536,
						0,
						0
					],
					[
						92378.0487804878,
						1,
						0
					],
					[
						92560.9756097561,
						2,
						0
					],
					[
						92743.9024390244,
						3,
						0
					],
					[
						92926.8292682927,
						3,
						0
					],
					[
						92835.3658536585,
						0,
						0
					],
					[
						93018.2926829268,
						0,
						0
					],
					[
						93109.7560975609,
						2,
						0
					],
					[
						93201.2195121951,
						0,
						0
					],
					[
						93292.6829268292,
						1,
						0
					],
					[
						93384.1463414634,
						2,
						0
					],
					[
						93475.6097560975,
						3,
						0
					],
					[
						93567.0731707317,
						0,
						0
					],
					[
						92743.9024390243,
						5,
						0
					],
					[
						92926.8292682926,
						4,
						0
					],
					[
						93018.2926829268,
						5,
						0
					],
					[
						93109.7560975609,
						6,
						0
					],
					[
						93292.6829268292,
						7,
						0
					],
					[
						93384.1463414633,
						6,
						0
					],
					[
						93475.6097560975,
						5,
						0
					]
				],
				"altAnim": false,
				"bpm": 0,
				"changeBPM": false,
				"mustHitSection": true
			},
			{
				"lengthInSteps": 16,
				"typeOfSection": 0,
				"sectionNotes": [
					[
						93658.5365853658,
						1,
						0
					],
					[
						93750,
						2,
						0
					],
					[
						93841.4634146341,
						3,
						0
					],
					[
						93932.9268292683,
						0,
						0
					],
					[
						94024.3902439024,
						3,
						0
					],
					[
						94115.8536585366,
						1,
						0
					],
					[
						94207.3170731707,
						3,
						0
					],
					[
						94298.7804878049,
						0,
						0
					],
					[
						94390.243902439,
						2,
						0
					],
					[
						94573.1707317073,
						3,
						0
					],
					[
						94756.0975609756,
						5,
						0
					],
					[
						94939.0243902439,
						0,
						0
					],
					[
						94207.3170731706,
						5,
						0
					],
					[
						94390.2439024389,
						4,
						0
					],
					[
						94481.7073170731,
						5,
						0
					],
					[
						94573.1707317072,
						6,
						0
					],
					[
						94847.5609756097,
						6,
						0
					],
					[
						94939.0243902438,
						7,
						0
					],
					[
						94756.0975609755,
						2,
						0
					]
				],
				"altAnim": false,
				"bpm": 0,
				"changeBPM": false,
				"mustHitSection": true
			},
			{
				"sectionNotes": [
					[
						95121.9512195122,
						3,
						0
					],
					[
						95213.4146341463,
						0,
						0
					],
					[
						95304.8780487805,
						1,
						0
					],
					[
						95487.8048780487,
						2,
						0
					],
					[
						95670.731707317,
						3,
						0
					],
					[
						95853.6585365853,
						3,
						0
					],
					[
						95762.1951219512,
						0,
						0
					],
					[
						95945.1219512195,
						0,
						0
					],
					[
						96036.5853658536,
						2,
						0
					],
					[
						96128.0487804878,
						0,
						0
					],
					[
						96219.5121951219,
						1,
						0
					],
					[
						96310.9756097561,
						2,
						0
					],
					[
						96402.4390243902,
						3,
						0
					],
					[
						96493.9024390244,
						0,
						0
					],
					[
						95670.731707317,
						5,
						0
					],
					[
						95945.1219512194,
						5,
						0
					],
					[
						95853.6585365853,
						4,
						0
					],
					[
						96036.5853658536,
						6,
						0
					],
					[
						96219.5121951219,
						7,
						0
					],
					[
						96310.975609756,
						6,
						0
					],
					[
						96402.4390243902,
						5,
						0
					]
				],
				"typeOfSection": 0,
				"lengthInSteps": 16,
				"altAnim": false,
				"mustHitSection": true,
				"changeBPM": false,
				"bpm": 0
			},
			{
				"lengthInSteps": 16,
				"typeOfSection": 0,
				"sectionNotes": [
					[
						96585.3658536585,
						1,
						0
					],
					[
						96676.8292682927,
						2,
						0
					],
					[
						96768.2926829268,
						3,
						0
					],
					[
						97317.0731707317,
						2,
						0
					],
					[
						97500,
						3,
						0
					],
					[
						97865.8536585366,
						0,
						0
					],
					[
						96585.3658536584,
						4,
						457.317073170732
					],
					[
						97134.1463414633,
						7,
						0
					],
					[
						97225.6097560974,
						6,
						0
					],
					[
						97317.0731707316,
						5,
						548.780487804878
					],
					[
						96859.7560975609,
						0,
						0
					],
					[
						96951.219512195,
						3,
						0
					],
					[
						97042.6829268291,
						1,
						0
					],
					[
						97225.6097560974,
						0,
						0
					],
					[
						97682.9268292682,
						1,
						0,
						"Bullet_Note"
					]
				],
				"altAnim": false,
				"bpm": 0,
				"changeBPM": false,
				"mustHitSection": true
			},
			{
				"lengthInSteps": 16,
				"typeOfSection": 0,
				"sectionNotes": [
					[
						98140.2439024391,
						0,
						0
					],
					[
						98231.7073170732,
						1,
						0
					],
					[
						98689.0243902439,
						0,
						0
					],
					[
						98780.4878048781,
						2,
						0
					],
					[
						98871.9512195122,
						3,
						0
					],
					[
						99054.8780487805,
						3,
						0
					],
					[
						99146.3414634147,
						1,
						0
					],
					[
						99237.8048780488,
						0,
						0
					],
					[
						99420.7317073171,
						0,
						0
					],
					[
						98048.7804878047,
						3,
						0
					],
					[
						98597.5609756096,
						3,
						0
					],
					[
						98414.6341463413,
						6,
						0,
						"Bullet_Note"
					],
					[
						98963.4146341462,
						6,
						0,
						"Bullet_Note"
					],
					[
						99329.2682926828,
						5,
						0,
						"Bullet_Note"
					]
				],
				"altAnim": false,
				"bpm": 0,
				"changeBPM": false,
				"mustHitSection": false
			},
			{
				"lengthInSteps": 16,
				"typeOfSection": 0,
				"sectionNotes": [
					[
						99512.1951219512,
						3,
						0
					],
					[
						99603.6585365854,
						0,
						0
					],
					[
						99695.1219512196,
						1,
						0
					],
					[
						100152.43902439,
						0,
						0
					],
					[
						100243.902439024,
						2,
						0
					],
					[
						100335.365853659,
						0,
						0
					],
					[
						100518.292682927,
						0,
						0
					],
					[
						100884.146341463,
						2,
						0
					],
					[
						100060.975609756,
						3,
						0
					],
					[
						100609.756097561,
						3,
						0
					],
					[
						100701.219512195,
						1,
						0
					],
					[
						99878.0487804877,
						6,
						0,
						"Bullet_Note"
					],
					[
						100426.829268293,
						6,
						0,
						"Bullet_Note"
					],
					[
						100792.682926829,
						4,
						0,
						"Bullet_Note"
					]
				],
				"altAnim": false,
				"bpm": 0,
				"changeBPM": false,
				"mustHitSection": false
			},
			{
				"sectionNotes": [
					[
						101067.073170732,
						0,
						0
					],
					[
						101158.536585366,
						1,
						0
					],
					[
						101615.853658537,
						0,
						0
					],
					[
						101707.317073171,
						2,
						0
					],
					[
						102164.634146341,
						1,
						0
					],
					[
						101798.780487805,
						3,
						0
					],
					[
						101981.707317073,
						2,
						0
					],
					[
						102073.170731707,
						3,
						0
					],
					[
						102347.56097561,
						3,
						0
					],
					[
						100975.609756097,
						3,
						0
					],
					[
						101524.390243902,
						3,
						0
					],
					[
						101341.463414634,
						6,
						0,
						"Bullet_Note"
					],
					[
						101890.243902439,
						5,
						0,
						"Bullet_Note"
					],
					[
						102256.097560975,
						6,
						0,
						"Bullet_Note"
					]
				],
				"typeOfSection": 0,
				"lengthInSteps": 16,
				"altAnim": false,
				"mustHitSection": false,
				"changeBPM": false,
				"bpm": 120
			},
			{
				"lengthInSteps": 16,
				"typeOfSection": 0,
				"sectionNotes": [
					[
						102439.024390244,
						2,
						0
					],
					[
						102530.487804878,
						3,
						0
					],
					[
						102987.804878049,
						2,
						0
					],
					[
						102804.87804878,
						5,
						0,
						"Bullet_Note"
					],
					[
						102621.951219512,
						5,
						0,
						"Bullet_Note"
					],
					[
						103170.731707317,
						4,
						0,
						"Bullet_Note"
					],
					[
						103353.658536585,
						5,
						0,
						"Bullet_Note"
					],
					[
						103536.585365854,
						6,
						0,
						"Bullet_Note"
					],
					[
						103719.512195122,
						7,
						0,
						"Bullet_Note"
					]
				],
				"altAnim": false,
				"bpm": 120,
				"changeBPM": false,
				"mustHitSection": false
			},
			{
				"lengthInSteps": 16,
				"typeOfSection": 0,
				"sectionNotes": [
					[
						103993.902439024,
						0,
						0
					],
					[
						104085.365853659,
						1,
						0
					],
					[
						104542.682926829,
						0,
						0
					],
					[
						104634.146341463,
						2,
						0
					],
					[
						104725.609756098,
						3,
						0
					],
					[
						105000,
						1,
						0
					],
					[
						105091.463414634,
						0,
						0
					],
					[
						103902.43902439,
						3,
						0
					],
					[
						104451.219512195,
						3,
						0
					],
					[
						104817.073170732,
						2,
						0
					],
					[
						105182.926829268,
						1,
						0
					],
					[
						103902.43902439,
						7,
						0
					],
					[
						104085.365853658,
						7,
						0
					],
					[
						104451.219512195,
						7,
						0
					],
					[
						104542.682926829,
						6,
						0
					],
					[
						104634.146341463,
						7,
						0
					],
					[
						105000,
						7,
						0
					],
					[
						104268.292682927,
						2,
						0,
						"Bullet_Note"
					],
					[
						104908.536585366,
						3,
						0,
						"Bullet_Note"
					],
					[
						105274.390243902,
						0,
						0,
						"Bullet_Note"
					]
				],
				"altAnim": false,
				"bpm": 120,
				"changeBPM": false,
				"mustHitSection": true
			},
			{
				"sectionNotes": [
					[
						105365.853658537,
						3,
						0
					],
					[
						105457.317073171,
						0,
						0
					],
					[
						105548.780487805,
						1,
						0
					],
					[
						106006.097560976,
						0,
						0
					],
					[
						106097.56097561,
						2,
						0
					],
					[
						106189.024390244,
						0,
						0
					],
					[
						105914.634146341,
						3,
						0
					],
					[
						106463.414634146,
						3,
						0
					],
					[
						106554.87804878,
						1,
						0
					],
					[
						106280.487804878,
						2,
						0
					],
					[
						106646.341463414,
						0,
						0
					],
					[
						105365.853658536,
						7,
						0
					],
					[
						105548.780487805,
						7,
						0
					],
					[
						105914.634146341,
						7,
						0
					],
					[
						106006.097560975,
						6,
						0
					],
					[
						106097.56097561,
						7,
						0
					],
					[
						106463.414634146,
						7,
						0
					],
					[
						105731.707317073,
						2,
						0,
						"Bullet_Note"
					],
					[
						106371.951219512,
						0,
						0,
						"Bullet_Note"
					],
					[
						106737.804878049,
						2,
						0,
						"Bullet_Note"
					]
				],
				"typeOfSection": 0,
				"lengthInSteps": 16,
				"altAnim": false,
				"mustHitSection": true,
				"changeBPM": false,
				"bpm": 120
			},
			{
				"sectionNotes": [
					[
						106920.731707317,
						0,
						0
					],
					[
						107012.195121951,
						1,
						0
					],
					[
						107469.512195122,
						0,
						0
					],
					[
						107560.975609756,
						2,
						0
					],
					[
						108018.292682927,
						1,
						0
					],
					[
						107652.43902439,
						3,
						0
					],
					[
						107926.829268293,
						3,
						0
					],
					[
						106829.268292683,
						3,
						0
					],
					[
						107378.048780488,
						3,
						0
					],
					[
						107743.902439024,
						1,
						0
					],
					[
						108109.756097561,
						2,
						0
					],
					[
						106829.268292683,
						7,
						0
					],
					[
						107012.195121951,
						7,
						0
					],
					[
						107378.048780488,
						7,
						0
					],
					[
						107469.512195122,
						6,
						0
					],
					[
						107560.975609756,
						7,
						0
					],
					[
						107926.829268293,
						7,
						0
					],
					[
						107195.121951219,
						2,
						0,
						"Bullet_Note"
					],
					[
						107835.365853658,
						2,
						0,
						"Bullet_Note"
					],
					[
						108201.219512195,
						3,
						0,
						"Bullet_Note"
					]
				],
				"typeOfSection": 0,
				"lengthInSteps": 16,
				"altAnim": false,
				"mustHitSection": true,
				"changeBPM": false,
				"bpm": 130
			},
			{
				"sectionNotes": [
					[
						108292.682926829,
						2,
						0
					],
					[
						108384.146341463,
						3,
						0
					],
					[
						108841.463414634,
						2,
						0
					],
					[
						109390.243902439,
						2,
						274.390243902439
					],
					[
						108292.682926829,
						7,
						0
					],
					[
						109024.390243902,
						3,
						274.390243902439
					],
					[
						108841.463414634,
						4,
						0
					],
					[
						108932.926829268,
						5,
						0
					],
					[
						109024.390243902,
						6,
						274.390243902439
					],
					[
						109390.243902439,
						5,
						274.390243902439
					],
					[
						108658.536585366,
						1,
						0,
						"Bullet_Note"
					],
					[
						108475.609756097,
						1,
						0,
						"Bullet_Note"
					]
				],
				"typeOfSection": 0,
				"lengthInSteps": 16,
				"altAnim": false,
				"mustHitSection": true,
				"changeBPM": false,
				"bpm": 130
			},
			{
				"sectionNotes": [
					[
						109756.097560976,
						3,
						0
					],
					[
						109847.56097561,
						0,
						0
					],
					[
						109939.024390244,
						1,
						0
					],
					[
						110121.951219512,
						2,
						0
					],
					[
						110304.87804878,
						3,
						0
					],
					[
						110396.341463415,
						2,
						0
					],
					[
						110579.268292683,
						3,
						0
					],
					[
						110670.731707317,
						0,
						0
					],
					[
						110853.658536585,
						1,
						0
					],
					[
						110945.12195122,
						0,
						0
					],
					[
						111036.585365854,
						3,
						0
					],
					[
						111128.048780488,
						2,
						0
					]
				],
				"typeOfSection": 0,
				"lengthInSteps": 16,
				"altAnim": false,
				"mustHitSection": false,
				"changeBPM": false,
				"bpm": 130
			},
			{
				"sectionNotes": [
					[
						111219.512195122,
						3,
						0
					],
					[
						111310.975609756,
						0,
						0
					],
					[
						111402.43902439,
						1,
						0
					],
					[
						111585.365853659,
						2,
						0
					],
					[
						111768.292682927,
						3,
						0
					],
					[
						111859.756097561,
						2,
						0
					],
					[
						112042.682926829,
						3,
						0
					],
					[
						112134.146341463,
						0,
						0
					],
					[
						112317.073170732,
						2,
						0
					],
					[
						112408.536585366,
						3,
						0
					],
					[
						112591.463414634,
						0,
						0
					],
					[
						112500,
						1,
						0
					]
				],
				"typeOfSection": 0,
				"lengthInSteps": 16,
				"altAnim": false,
				"mustHitSection": false,
				"changeBPM": false,
				"bpm": 130
			},
			{
				"lengthInSteps": 16,
				"typeOfSection": 0,
				"sectionNotes": [
					[
						112682.926829268,
						3,
						0
					],
					[
						112774.390243902,
						0,
						0
					],
					[
						112865.853658537,
						1,
						0
					],
					[
						113048.780487805,
						2,
						0
					],
					[
						113231.707317073,
						3,
						0
					],
					[
						113323.170731707,
						2,
						0
					],
					[
						113506.097560976,
						3,
						0
					],
					[
						113597.56097561,
						0,
						0
					],
					[
						113780.487804878,
						1,
						0
					],
					[
						113871.951219512,
						0,
						0
					],
					[
						113963.414634146,
						3,
						0
					],
					[
						114054.87804878,
						2,
						0
					]
				],
				"altAnim": false,
				"bpm": 130,
				"changeBPM": false,
				"mustHitSection": false
			},
			{
				"lengthInSteps": 16,
				"typeOfSection": 0,
				"sectionNotes": [
					[
						114146.341463415,
						3,
						0
					],
					[
						114237.804878049,
						1,
						0
					],
					[
						114329.268292683,
						0,
						0
					],
					[
						114420.731707317,
						1,
						0
					],
					[
						114512.195121951,
						3,
						0
					],
					[
						114695.12195122,
						2,
						0
					],
					[
						114878.048780488,
						0,
						0
					],
					[
						115060.975609756,
						0,
						0
					],
					[
						115243.902439024,
						3,
						0
					],
					[
						115426.829268293,
						3,
						0
					],
					[
						114969.512195122,
						2,
						0
					],
					[
						115335.365853659,
						1,
						0
					]
				],
				"altAnim": false,
				"bpm": 164,
				"changeBPM": false,
				"mustHitSection": false
			},
			{
				"lengthInSteps": 16,
				"typeOfSection": 0,
				"sectionNotes": [
					[
						115609.756097561,
						3,
						0
					],
					[
						115701.219512195,
						0,
						0
					],
					[
						115792.682926829,
						1,
						0
					],
					[
						115975.609756098,
						2,
						0
					],
					[
						116158.536585366,
						3,
						0
					],
					[
						116250,
						2,
						0
					],
					[
						116432.926829268,
						3,
						0
					],
					[
						116524.390243902,
						0,
						0
					],
					[
						116707.317073171,
						1,
						0
					],
					[
						116798.780487805,
						0,
						0
					],
					[
						116890.243902439,
						3,
						0
					],
					[
						116981.707317073,
						2,
						0
					]
				],
				"altAnim": false,
				"bpm": 164,
				"changeBPM": false,
				"mustHitSection": true
			},
			{
				"lengthInSteps": 16,
				"typeOfSection": 0,
				"sectionNotes": [
					[
						117073.170731707,
						3,
						0
					],
					[
						117164.634146341,
						0,
						0
					],
					[
						117256.097560976,
						1,
						0
					],
					[
						117439.024390244,
						2,
						0
					],
					[
						117621.951219512,
						3,
						0
					],
					[
						117713.414634146,
						2,
						0
					],
					[
						117896.341463415,
						3,
						0
					],
					[
						117987.804878049,
						0,
						0
					],
					[
						118170.731707317,
						2,
						0
					],
					[
						118262.195121951,
						3,
						0
					],
					[
						118445.12195122,
						0,
						0
					],
					[
						118353.658536585,
						1,
						0
					]
				],
				"altAnim": false,
				"bpm": 164,
				"changeBPM": false,
				"mustHitSection": true
			},
			{
				"sectionNotes": [
					[
						118536.585365854,
						3,
						0
					],
					[
						118628.048780488,
						0,
						0
					],
					[
						118719.512195122,
						1,
						0
					],
					[
						118902.43902439,
						2,
						0
					],
					[
						119085.365853659,
						3,
						0
					],
					[
						119176.829268293,
						2,
						0
					],
					[
						119359.756097561,
						3,
						0
					],
					[
						119451.219512195,
						0,
						0
					],
					[
						119634.146341463,
						1,
						0
					],
					[
						119725.609756098,
						0,
						0
					],
					[
						119817.073170732,
						3,
						0
					],
					[
						119908.536585366,
						2,
						0
					]
				],
				"typeOfSection": 0,
				"lengthInSteps": 16,
				"altAnim": false,
				"mustHitSection": true,
				"changeBPM": false,
				"bpm": 164
			},
			{
				"sectionNotes": [
					[
						120000,
						3,
						0
					],
					[
						120091.463414634,
						1,
						0
					],
					[
						120182.926829268,
						0,
						0
					],
					[
						120274.390243902,
						1,
						0
					],
					[
						120365.853658537,
						3,
						0
					],
					[
						120548.780487805,
						2,
						0
					],
					[
						120731.707317073,
						0,
						0
					],
					[
						120914.634146341,
						0,
						0
					],
					[
						121097.56097561,
						3,
						0
					],
					[
						121280.487804878,
						3,
						0
					],
					[
						120823.170731707,
						2,
						0
					],
					[
						121189.024390244,
						1,
						0
					],
					[
						120000,
						4,
						274.390243902439
					],
					[
						120365.853658536,
						5,
						91.4634146341463
					],
					[
						120548.780487805,
						4,
						91.4634146341463
					],
					[
						120731.707317073,
						6,
						274.390243902439
					],
					[
						121097.56097561,
						7,
						274.390243902439
					]
				],
				"typeOfSection": 0,
				"lengthInSteps": 16,
				"altAnim": false,
				"mustHitSection": true,
				"changeBPM": false,
				"bpm": 164
			},
			{
				"lengthInSteps": 16,
				"typeOfSection": 0,
				"sectionNotes": [
					[
						121463.414634146,
						1,
						1371.9512195122
					],
					[
						121463.414634146,
						7,
						1371.9512195122,
						"Alt Animation"
					],
					[
						121463.414634146,
						-1,
						"Screen Shake",
						"1.9, 0.022",
						""
					]
				],
				"altAnim": false,
				"bpm": 164,
				"changeBPM": false,
				"mustHitSection": true
			},
			{
				"lengthInSteps": 16,
				"typeOfSection": 0,
				"sectionNotes": [],
				"altAnim": false,
				"bpm": 164,
				"changeBPM": false,
				"mustHitSection": true
			},
			{
				"sectionNotes": [],
				"typeOfSection": 0,
				"lengthInSteps": 16,
				"altAnim": false,
				"mustHitSection": true,
				"changeBPM": false,
				"bpm": 164
			},
			{
				"sectionNotes": [],
				"typeOfSection": 0,
				"lengthInSteps": 16,
				"altAnim": false,
				"mustHitSection": true,
				"changeBPM": false,
				"bpm": 164
			},
			{
				"lengthInSteps": 16,
				"typeOfSection": 0,
				"sectionNotes": [],
				"altAnim": false,
				"dType": 0,
				"bpm": 164,
				"changeBPM": false,
				"mustHitSection": true
			},
			{
				"sectionNotes": [],
				"typeOfSection": 0,
				"lengthInSteps": 16,
				"dType": 0,
				"altAnim": false,
				"mustHitSection": true,
				"changeBPM": false,
				"bpm": 164
			},
			{
				"lengthInSteps": 16,
				"typeOfSection": 0,
				"sectionNotes": [],
				"altAnim": false,
				"bpm": 164,
				"changeBPM": false,
				"mustHitSection": true
			},
			{
				"lengthInSteps": 16,
				"typeOfSection": 0,
				"sectionNotes": [],
				"altAnim": false,
				"bpm": 164,
				"changeBPM": false,
				"mustHitSection": true
			},
			{
				"sectionNotes": [],
				"typeOfSection": 0,
				"lengthInSteps": 16,
				"altAnim": false,
				"mustHitSection": true,
				"changeBPM": false,
				"bpm": 164
			},
			{
				"sectionNotes": [],
				"typeOfSection": 0,
				"lengthInSteps": 16,
				"altAnim": false,
				"mustHitSection": true,
				"changeBPM": false,
				"bpm": 164
			},
			{
				"sectionNotes": [],
				"typeOfSection": 0,
				"lengthInSteps": 16,
				"altAnim": false,
				"mustHitSection": true,
				"changeBPM": false,
				"bpm": 164
			},
			{
				"lengthInSteps": 16,
				"typeOfSection": 0,
				"sectionNotes": [],
				"altAnim": false,
				"bpm": 164,
				"changeBPM": false,
				"mustHitSection": true
			},
			{
				"sectionNotes": [],
				"typeOfSection": 0,
				"lengthInSteps": 16,
				"altAnim": false,
				"mustHitSection": true,
				"changeBPM": false,
				"bpm": 164
			},
			{
				"lengthInSteps": 16,
				"typeOfSection": 0,
				"sectionNotes": [],
				"altAnim": false,
				"bpm": 164,
				"changeBPM": false,
				"mustHitSection": true
			},
			{
				"lengthInSteps": 16,
				"typeOfSection": 0,
				"sectionNotes": [],
				"altAnim": false,
				"bpm": 164,
				"changeBPM": false,
				"mustHitSection": true
			},
			{
				"sectionNotes": [],
				"typeOfSection": 0,
				"lengthInSteps": 16,
				"altAnim": false,
				"mustHitSection": true,
				"changeBPM": false,
				"bpm": 164
			},
			{
				"sectionNotes": [],
				"typeOfSection": 0,
				"lengthInSteps": 16,
				"altAnim": false,
				"mustHitSection": true,
				"changeBPM": false,
				"bpm": 164
			},
			{
				"sectionNotes": [],
				"typeOfSection": 0,
				"lengthInSteps": 16,
				"altAnim": false,
				"mustHitSection": true,
				"changeBPM": false,
				"bpm": 164
			},
			{
				"sectionNotes": [],
				"typeOfSection": 0,
				"lengthInSteps": 16,
				"altAnim": false,
				"mustHitSection": true,
				"changeBPM": false,
				"bpm": 164
			},
			{
				"lengthInSteps": 16,
				"typeOfSection": 0,
				"sectionNotes": [],
				"altAnim": false,
				"bpm": 164,
				"changeBPM": false,
				"mustHitSection": true
			},
			{
				"sectionNotes": [],
				"typeOfSection": 0,
				"lengthInSteps": 16,
				"altAnim": false,
				"mustHitSection": true,
				"changeBPM": false,
				"bpm": 164
			},
			{
				"sectionNotes": [],
				"typeOfSection": 0,
				"lengthInSteps": 16,
				"altAnim": false,
				"mustHitSection": true,
				"changeBPM": false,
				"bpm": 164
			},
			{
				"lengthInSteps": 16,
				"altAnim": false,
				"typeOfSection": 0,
				"sectionNotes": [],
				"bpm": 164,
				"changeBPM": false,
				"mustHitSection": true
			}
		],
		"gfVersion": "gf",
		"keyCount": 4,
		"player3": "gf",
		"song": "Accelerant",
		"sections": 0,
		"needsVoices": true,
		"validScore": true,
		"stage": "nevada",
		"arrowSkin": "",
		"bpm": 164,
		"speed": 3
	}
}