<?xml version='1.0' encoding='utf-8'?>
<TextureAtlas imagePath="tiky.png">
<SubTexture name="tiky land0000" x="0" y="0" width="759" height="921" frameX="0" frameY="0" frameWidth="759" frameHeight="921" />
<SubTexture name="tiky land0001" x="759" y="0" width="759" height="921" frameX="0" frameY="0" frameWidth="759" frameHeight="921" />
<SubTexture name="tiky land0002" x="1518" y="0" width="759" height="921" frameX="0" frameY="0" frameWidth="759" frameHeight="921" />
<SubTexture name="tiky land0003" x="2277" y="0" width="759" height="921" frameX="0" frameY="0" frameWidth="759" frameHeight="921" />
<SubTexture name="tiky land0004" x="0" y="921" width="759" height="921" frameX="0" frameY="0" frameWidth="759" frameHeight="921" />
<SubTexture name="tiky land0005" x="759" y="921" width="759" height="921" frameX="0" frameY="0" frameWidth="759" frameHeight="921" />
<SubTexture name="tiky land0006" x="1518" y="921" width="759" height="921" frameX="0" frameY="0" frameWidth="759" frameHeight="921" />
<SubTexture name="tiky land0007" x="2277" y="921" width="759" height="921" frameX="0" frameY="0" frameWidth="759" frameHeight="921" />
<SubTexture name="tiky land0008" x="0" y="1842" width="759" height="921" frameX="0" frameY="0" frameWidth="759" frameHeight="921" />
<SubTexture name="tiky land0009" x="759" y="1842" width="759" height="921" frameX="0" frameY="0" frameWidth="759" frameHeight="921" />
<SubTexture name="tiky idle0000" x="1518" y="1842" width="549" height="453" frameX="0" frameY="0" frameWidth="549" frameHeight="453" />
<SubTexture name="tiky idle0001" x="2067" y="1842" width="549" height="453" frameX="0" frameY="0" frameWidth="549" frameHeight="453" />
<SubTexture name="tiky idle0002" x="0" y="2763" width="549" height="453" frameX="0" frameY="0" frameWidth="549" frameHeight="453" />
<SubTexture name="tiky idle0003" x="549" y="2763" width="549" height="453" frameX="0" frameY="0" frameWidth="549" frameHeight="453" />
<SubTexture name="tiky idle0004" x="1098" y="2763" width="549" height="453" frameX="0" frameY="0" frameWidth="549" frameHeight="453" />
<SubTexture name="tiky idle0005" x="1647" y="2763" width="549" height="453" frameX="0" frameY="0" frameWidth="549" frameHeight="453" />
<SubTexture name="tiky idle0006" x="0" y="3216" width="549" height="453" frameX="0" frameY="0" frameWidth="549" frameHeight="453" />
<SubTexture name="tiky idle0007" x="549" y="3216" width="549" height="453" frameX="0" frameY="0" frameWidth="549" frameHeight="453" />
<SubTexture name="tiky idle0008" x="1098" y="3216" width="549" height="453" frameX="0" frameY="0" frameWidth="549" frameHeight="453" />
<SubTexture name="tiky idle0009" x="1647" y="3216" width="549" height="453" frameX="0" frameY="0" frameWidth="549" frameHeight="453" />
<SubTexture name="tiky idle0010" x="0" y="3669" width="549" height="453" frameX="0" frameY="0" frameWidth="549" frameHeight="453" />
<SubTexture name="tiky idle0011" x="549" y="3669" width="549" height="453" frameX="0" frameY="0" frameWidth="549" frameHeight="453" />
<SubTexture name="tiky idle0012" x="1098" y="3669" width="549" height="453" frameX="0" frameY="0" frameWidth="549" frameHeight="453" />
<SubTexture name="tiky idle0013" x="1647" y="3669" width="549" height="453" frameX="0" frameY="0" frameWidth="549" frameHeight="453" />
<SubTexture name="tiky left0000" x="0" y="4122" width="543" height="460" frameX="0" frameY="0" frameWidth="543" frameHeight="460" />
<SubTexture name="tiky left0001" x="543" y="4122" width="543" height="460" frameX="0" frameY="0" frameWidth="543" frameHeight="460" />
<SubTexture name="tiky left0002" x="1086" y="4122" width="543" height="460" frameX="0" frameY="0" frameWidth="543" frameHeight="460" />
<SubTexture name="tiky left0003" x="1629" y="4122" width="543" height="460" frameX="0" frameY="0" frameWidth="543" frameHeight="460" />
<SubTexture name="tiky left0000" x="0" y="4582" width="543" height="460" frameX="0" frameY="0" frameWidth="543" frameHeight="460" />
<SubTexture name="tiky left0004" x="543" y="4582" width="543" height="460" frameX="0" frameY="0" frameWidth="543" frameHeight="460" />
<SubTexture name="tiky left0005" x="1086" y="4582" width="543" height="460" frameX="0" frameY="0" frameWidth="543" frameHeight="460" />
<SubTexture name="tiky left0006" x="1629" y="4582" width="543" height="460" frameX="0" frameY="0" frameWidth="543" frameHeight="460" />
<SubTexture name="tiky left0007" x="0" y="5042" width="543" height="460" frameX="0" frameY="0" frameWidth="543" frameHeight="460" />
<SubTexture name="tiky right0000" x="543" y="5042" width="604" height="322" frameX="-15" frameY="-13" frameWidth="611" frameHeight="403" />
<SubTexture name="tiky right0001" x="1147" y="5042" width="604" height="337" frameX="-15" frameY="-14" frameWidth="611" frameHeight="403" />
<SubTexture name="tiky right0002" x="1751" y="5042" width="611" height="348" frameX="0" frameY="0" frameWidth="611" frameHeight="403" />
<SubTexture name="tiky right0003" x="0" y="5502" width="611" height="363" frameX="0" frameY="0" frameWidth="611" frameHeight="403" />
<SubTexture name="tiky right0004" x="611" y="5502" width="611" height="363" frameX="0" frameY="0" frameWidth="611" frameHeight="403" />
<SubTexture name="tiky right0005" x="1222" y="5502" width="611" height="391" frameX="0" frameY="0" frameWidth="611" frameHeight="403" />
<SubTexture name="tiky right0006" x="1833" y="5502" width="611" height="391" frameX="0" frameY="0" frameWidth="611" frameHeight="403" />
<SubTexture name="tiky right0007" x="0" y="5893" width="611" height="403" frameX="0" frameY="0" frameWidth="611" frameHeight="403" />
<SubTexture name="tiky down0000" x="611" y="5893" width="559" height="464" frameX="0" frameY="0" frameWidth="559" frameHeight="464" />
<SubTexture name="tiky down0001" x="1170" y="5893" width="559" height="464" frameX="0" frameY="0" frameWidth="559" frameHeight="464" />
<SubTexture name="tiky down0002" x="1729" y="5893" width="559" height="464" frameX="0" frameY="0" frameWidth="559" frameHeight="464" />
<SubTexture name="tiky down0003" x="0" y="6357" width="559" height="464" frameX="0" frameY="0" frameWidth="559" frameHeight="464" />
<SubTexture name="tiky down0004" x="559" y="6357" width="559" height="464" frameX="0" frameY="0" frameWidth="559" frameHeight="464" />
<SubTexture name="tiky down0005" x="1118" y="6357" width="559" height="464" frameX="0" frameY="0" frameWidth="559" frameHeight="464" />
<SubTexture name="tiky down0006" x="1677" y="6357" width="559" height="464" frameX="0" frameY="0" frameWidth="559" frameHeight="464" />
<SubTexture name="tiky down0007" x="0" y="6821" width="559" height="464" frameX="0" frameY="0" frameWidth="559" frameHeight="464" />
<SubTexture name="tiky down0008" x="559" y="6821" width="559" height="464" frameX="0" frameY="0" frameWidth="559" frameHeight="464" />
<SubTexture name="tiky down0009" x="1118" y="6821" width="559" height="464" frameX="0" frameY="0" frameWidth="559" frameHeight="464" />
<SubTexture name="tiky down0010" x="1677" y="6821" width="559" height="464" frameX="0" frameY="0" frameWidth="559" frameHeight="464" />
<SubTexture name="tiky singup0000" x="0" y="7285" width="503" height="453" frameX="0" frameY="0" frameWidth="503" frameHeight="453" />
<SubTexture name="tiky singup0001" x="503" y="7285" width="503" height="453" frameX="0" frameY="0" frameWidth="503" frameHeight="453" />
<SubTexture name="tiky singup0002" x="1006" y="7285" width="503" height="453" frameX="0" frameY="0" frameWidth="503" frameHeight="453" />
<SubTexture name="tiky singup0003" x="1509" y="7285" width="503" height="453" frameX="0" frameY="0" frameWidth="503" frameHeight="453" />
<SubTexture name="tiky singup0004" x="0" y="7738" width="503" height="453" frameX="0" frameY="0" frameWidth="503" frameHeight="453" />
<SubTexture name="tiky singup0005" x="503" y="7738" width="503" height="453" frameX="0" frameY="0" frameWidth="503" frameHeight="453" />
<SubTexture name="tiky singup0006" x="1006" y="7738" width="503" height="453" frameX="0" frameY="0" frameWidth="503" frameHeight="453" />
<SubTexture name="tiky singup0007" x="1509" y="7738" width="503" height="453" frameX="0" frameY="0" frameWidth="503" frameHeight="453" />
<SubTexture name="tiky singup0008" x="0" y="8191" width="503" height="453" frameX="0" frameY="0" frameWidth="503" frameHeight="453" />
<SubTexture name="tiky singup0009" x="503" y="8191" width="503" height="453" frameX="0" frameY="0" frameWidth="503" frameHeight="453" />
<SubTexture name="tiky singup0010" x="1006" y="8191" width="503" height="453" frameX="0" frameY="0" frameWidth="503" frameHeight="453" />
<SubTexture name="tiky up-alt0000" x="1509" y="8191" width="759" height="921" frameX="0" frameY="0" frameWidth="759" frameHeight="921" />
<SubTexture name="tiky up-alt0001" x="0" y="9112" width="759" height="921" frameX="0" frameY="0" frameWidth="759" frameHeight="921" />
<SubTexture name="tiky up-alt0002" x="759" y="9112" width="759" height="921" frameX="0" frameY="0" frameWidth="759" frameHeight="921" />
<SubTexture name="tiky up-alt0003" x="1518" y="9112" width="759" height="921" frameX="0" frameY="0" frameWidth="759" frameHeight="921" />
<SubTexture name="tiky up-alt0004" x="2277" y="9112" width="759" height="921" frameX="0" frameY="0" frameWidth="759" frameHeight="921" />
<SubTexture name="tiky up-alt0005" x="0" y="10033" width="759" height="921" frameX="0" frameY="0" frameWidth="759" frameHeight="921" />
<SubTexture name="tiky up-alt0006" x="759" y="10033" width="759" height="921" frameX="0" frameY="0" frameWidth="759" frameHeight="921" />
<SubTexture name="tiky up-alt0007" x="1518" y="10033" width="759" height="921" frameX="0" frameY="0" frameWidth="759" frameHeight="921" />
<SubTexture name="tiky up-alt0008" x="2277" y="10033" width="759" height="921" frameX="0" frameY="0" frameWidth="759" frameHeight="921" />
<SubTexture name="tiky up-alt0009" x="0" y="10954" width="759" height="921" frameX="0" frameY="0" frameWidth="759" frameHeight="921" />
<SubTexture name="tiky up-alt0010" x="759" y="10954" width="759" height="921" frameX="0" frameY="0" frameWidth="759" frameHeight="921" />
<SubTexture name="tiky up-alt0011" x="1518" y="10954" width="759" height="921" frameX="0" frameY="0" frameWidth="759" frameHeight="921" />
<SubTexture name="tiky up-alt0012" x="2277" y="10954" width="759" height="921" frameX="0" frameY="0" frameWidth="759" frameHeight="921" />
<SubTexture name="tiky up-alt0013" x="0" y="11875" width="759" height="921" frameX="0" frameY="0" frameWidth="759" frameHeight="921" />
<SubTexture name="tiky up-alt0014" x="759" y="11875" width="759" height="921" frameX="0" frameY="0" frameWidth="759" frameHeight="921" />
<SubTexture name="tiky up-alt0015" x="1518" y="11875" width="759" height="921" frameX="0" frameY="0" frameWidth="759" frameHeight="921" />
<SubTexture name="tiky up-alt0016" x="2277" y="11875" width="759" height="921" frameX="0" frameY="0" frameWidth="759" frameHeight="921" />
<SubTexture name="tiky up-alt0017" x="0" y="12796" width="759" height="921" frameX="0" frameY="0" frameWidth="759" frameHeight="921" />
<SubTexture name="tiky up-alt0018" x="759" y="12796" width="759" height="921" frameX="0" frameY="0" frameWidth="759" frameHeight="921" />
<SubTexture name="tiky up-alt0019" x="1518" y="12796" width="759" height="921" frameX="0" frameY="0" frameWidth="759" frameHeight="921" />
<SubTexture name="tiky holup0000" x="2277" y="12796" width="576" height="499" frameX="0" frameY="0" frameWidth="576" frameHeight="499" />
<SubTexture name="tiky holup0001" x="0" y="13717" width="576" height="499" frameX="0" frameY="0" frameWidth="576" frameHeight="499" />
<SubTexture name="tiky holup0002" x="576" y="13717" width="576" height="499" frameX="0" frameY="0" frameWidth="576" frameHeight="499" />
<SubTexture name="tiky holup0003" x="1152" y="13717" width="576" height="499" frameX="0" frameY="0" frameWidth="576" frameHeight="499" />
<SubTexture name="tiky holup0004" x="1728" y="13717" width="576" height="499" frameX="0" frameY="0" frameWidth="576" frameHeight="499" />
<SubTexture name="tiky holup0005" x="0" y="14216" width="576" height="499" frameX="0" frameY="0" frameWidth="576" frameHeight="499" />
<SubTexture name="tiky holup0006" x="576" y="14216" width="576" height="499" frameX="0" frameY="0" frameWidth="576" frameHeight="499" />
<SubTexture name="tiky holup0007" x="1152" y="14216" width="576" height="499" frameX="0" frameY="0" frameWidth="576" frameHeight="499" />
<SubTexture name="tiky holup0008" x="1728" y="14216" width="576" height="499" frameX="0" frameY="0" frameWidth="576" frameHeight="499" />
<SubTexture name="tiky holup0009" x="0" y="14715" width="576" height="499" frameX="0" frameY="0" frameWidth="576" frameHeight="499" />
<SubTexture name="tiky holup0010" x="576" y="14715" width="576" height="499" frameX="0" frameY="0" frameWidth="576" frameHeight="499" />
<SubTexture name="tiky holup0011" x="1152" y="14715" width="576" height="499" frameX="0" frameY="0" frameWidth="576" frameHeight="499" />
<SubTexture name="tiky holup0012" x="1728" y="14715" width="576" height="499" frameX="0" frameY="0" frameWidth="576" frameHeight="499" />
<SubTexture name="tiky holup0013" x="0" y="15214" width="576" height="499" frameX="0" frameY="0" frameWidth="576" frameHeight="499" />
</TextureAtlas>
