﻿<?xml version="1.0" encoding="utf-8"?>
<TextureAtlas imagePath="HankAssets.png">
	<!-- Created with Adobe Animate version 21.0.7.42652 -->
	<!-- http://www.adobe.com/products/animate.html -->
	<SubTexture name="Hank Down Note0000" x="0" y="0" width="528" height="654" frameX="-12" frameY="0" frameWidth="543" frameHeight="654"/>
	<SubTexture name="Hank Down Note0001" x="0" y="0" width="528" height="654" frameX="-12" frameY="0" frameWidth="543" frameHeight="654"/>
	<SubTexture name="Hank Down Note0002" x="533" y="0" width="540" height="654" frameX="-3" frameY="0" frameWidth="543" frameHeight="654"/>
	<SubTexture name="Hank Down Note0003" x="533" y="0" width="540" height="654" frameX="-3" frameY="0" frameWidth="543" frameHeight="654"/>
	<SubTexture name="Hank Down Note0004" x="1078" y="0" width="529" height="654" frameX="-14" frameY="0" frameWidth="543" frameHeight="654"/>
	<SubTexture name="Hank Down Note0005" x="1078" y="0" width="529" height="654" frameX="-14" frameY="0" frameWidth="543" frameHeight="654"/>
	<SubTexture name="Hank Down Note0006" x="1612" y="0" width="543" height="654"/>
	<SubTexture name="Hank Down Note0007" x="1612" y="0" width="543" height="654"/>
	<SubTexture name="Hank Down Note0008" x="2160" y="0" width="540" height="654" frameX="-3" frameY="0" frameWidth="543" frameHeight="654"/>
	<SubTexture name="Hank Down Note0009" x="2160" y="0" width="540" height="654" frameX="-3" frameY="0" frameWidth="543" frameHeight="654"/>
	<SubTexture name="Hank Down Note0010" x="533" y="0" width="540" height="654" frameX="-3" frameY="0" frameWidth="543" frameHeight="654"/>
	<SubTexture name="Hank Down Note0011" x="533" y="0" width="540" height="654" frameX="-3" frameY="0" frameWidth="543" frameHeight="654"/>
	<SubTexture name="Hank Down Note0012" x="1078" y="0" width="529" height="654" frameX="-14" frameY="0" frameWidth="543" frameHeight="654"/>
	<SubTexture name="Hank Down Note0013" x="1078" y="0" width="529" height="654" frameX="-14" frameY="0" frameWidth="543" frameHeight="654"/>
	<SubTexture name="Hank Down Shoot0000" x="2705" y="0" width="861" height="606" frameX="-12" frameY="0" frameWidth="1011" frameHeight="606"/>
	<SubTexture name="Hank Down Shoot0001" x="2705" y="0" width="861" height="606" frameX="-12" frameY="0" frameWidth="1011" frameHeight="606"/>
	<SubTexture name="Hank Down Shoot0002" x="3571" y="0" width="976" height="606" frameX="-3" frameY="0" frameWidth="1011" frameHeight="606"/>
	<SubTexture name="Hank Down Shoot0003" x="4552" y="0" width="1008" height="606" frameX="-3" frameY="0" frameWidth="1011" frameHeight="606"/>
	<SubTexture name="Hank Down Shoot0004" x="5565" y="0" width="732" height="606" frameX="-14" frameY="0" frameWidth="1011" frameHeight="606"/>
	<SubTexture name="Hank Down Shoot0005" x="5565" y="0" width="732" height="606" frameX="-14" frameY="0" frameWidth="1011" frameHeight="606"/>
	<SubTexture name="Hank Down Shoot0006" x="6302" y="0" width="746" height="606" frameX="0" frameY="0" frameWidth="1011" frameHeight="606"/>
	<SubTexture name="Hank Down Shoot0007" x="6302" y="0" width="746" height="606" frameX="0" frameY="0" frameWidth="1011" frameHeight="606"/>
	<SubTexture name="Hank Down Shoot0008" x="7053" y="0" width="743" height="606" frameX="-3" frameY="0" frameWidth="1011" frameHeight="606"/>
	<SubTexture name="Hank Down Shoot0009" x="7053" y="0" width="743" height="606" frameX="-3" frameY="0" frameWidth="1011" frameHeight="606"/>
	<SubTexture name="Hank Down Shoot0010" x="0" y="659" width="743" height="606" frameX="-3" frameY="0" frameWidth="1011" frameHeight="606"/>
	<SubTexture name="Hank Down Shoot0011" x="0" y="659" width="743" height="606" frameX="-3" frameY="0" frameWidth="1011" frameHeight="606"/>
	<SubTexture name="Hank Down Shoot0012" x="5565" y="0" width="732" height="606" frameX="-14" frameY="0" frameWidth="1011" frameHeight="606"/>
	<SubTexture name="Hank Down Shoot0013" x="5565" y="0" width="732" height="606" frameX="-14" frameY="0" frameWidth="1011" frameHeight="606"/>
	<SubTexture name="Hank Idle0000" x="748" y="659" width="425" height="593" frameX="0" frameY="0" frameWidth="427" frameHeight="595"/>
	<SubTexture name="Hank Idle0001" x="748" y="659" width="425" height="593" frameX="0" frameY="0" frameWidth="427" frameHeight="595"/>
	<SubTexture name="Hank Idle0002" x="1178" y="659" width="425" height="593" frameX="-2" frameY="0" frameWidth="427" frameHeight="595"/>
	<SubTexture name="Hank Idle0003" x="1178" y="659" width="425" height="593" frameX="-2" frameY="0" frameWidth="427" frameHeight="595"/>
	<SubTexture name="Hank Idle0004" x="1608" y="659" width="419" height="595" frameX="-4" frameY="0" frameWidth="427" frameHeight="595"/>
	<SubTexture name="Hank Idle0005" x="1608" y="659" width="419" height="595" frameX="-4" frameY="0" frameWidth="427" frameHeight="595"/>
	<SubTexture name="Hank Idle0006" x="2032" y="659" width="409" height="595" frameX="-6" frameY="0" frameWidth="427" frameHeight="595"/>
	<SubTexture name="Hank Idle0007" x="2032" y="659" width="409" height="595" frameX="-6" frameY="0" frameWidth="427" frameHeight="595"/>
	<SubTexture name="Hank Idle0008" x="2446" y="659" width="416" height="595" frameX="-6" frameY="0" frameWidth="427" frameHeight="595"/>
	<SubTexture name="Hank Idle0009" x="2446" y="659" width="416" height="595" frameX="-6" frameY="0" frameWidth="427" frameHeight="595"/>
	<SubTexture name="Hank Idle0010" x="2867" y="659" width="411" height="595" frameX="-6" frameY="0" frameWidth="427" frameHeight="595"/>
	<SubTexture name="Hank Idle0011" x="2867" y="659" width="411" height="595" frameX="-6" frameY="0" frameWidth="427" frameHeight="595"/>
	<SubTexture name="Hank Idle0012" x="3283" y="659" width="409" height="595" frameX="-6" frameY="0" frameWidth="427" frameHeight="595"/>
	<SubTexture name="Hank Idle0013" x="3283" y="659" width="409" height="595" frameX="-6" frameY="0" frameWidth="427" frameHeight="595"/>
	<SubTexture name="Hank Left Note0000" x="3697" y="659" width="633" height="608" frameX="-94" frameY="0" frameWidth="744" frameHeight="610"/>
	<SubTexture name="Hank Left Note0001" x="4335" y="659" width="716" height="608" frameX="-11" frameY="0" frameWidth="744" frameHeight="610"/>
	<SubTexture name="Hank Left Note0002" x="5056" y="659" width="741" height="610" frameX="0" frameY="0" frameWidth="744" frameHeight="610"/>
	<SubTexture name="Hank Left Note0003" x="5802" y="659" width="620" height="610" frameX="-121" frameY="0" frameWidth="744" frameHeight="610"/>
	<SubTexture name="Hank Left Note0004" x="6427" y="659" width="611" height="610" frameX="-119" frameY="0" frameWidth="744" frameHeight="610"/>
	<SubTexture name="Hank Left Note0005" x="7043" y="659" width="686" height="610" frameX="-44" frameY="0" frameWidth="744" frameHeight="610"/>
	<SubTexture name="Hank Left Note0006" x="0" y="1274" width="744" height="610"/>
	<SubTexture name="Hank Left Note0007" x="749" y="1274" width="623" height="610" frameX="-121" frameY="0" frameWidth="744" frameHeight="610"/>
	<SubTexture name="Hank Left Note0008" x="1377" y="1274" width="622" height="610" frameX="-119" frameY="0" frameWidth="744" frameHeight="610"/>
	<SubTexture name="Hank Left Note0009" x="2004" y="1274" width="697" height="610" frameX="-44" frameY="0" frameWidth="744" frameHeight="610"/>
	<SubTexture name="Hank Left Note0010" x="5056" y="659" width="741" height="610" frameX="0" frameY="0" frameWidth="744" frameHeight="610"/>
	<SubTexture name="Hank Left Note0011" x="5802" y="659" width="620" height="610" frameX="-121" frameY="0" frameWidth="744" frameHeight="610"/>
	<SubTexture name="Hank Left Note0012" x="6427" y="659" width="611" height="610" frameX="-119" frameY="0" frameWidth="744" frameHeight="610"/>
	<SubTexture name="Hank Left Note0013" x="7043" y="659" width="686" height="610" frameX="-44" frameY="0" frameWidth="744" frameHeight="610"/>
	<SubTexture name="Hank Left Shoot0000" x="2706" y="1274" width="746" height="608" frameX="0" frameY="0" frameWidth="834" frameHeight="610"/>
	<SubTexture name="Hank Left Shoot0001" x="2706" y="1274" width="746" height="608" frameX="0" frameY="0" frameWidth="834" frameHeight="610"/>
	<SubTexture name="Hank Left Shoot0002" x="3457" y="1274" width="814" height="610" frameX="-13" frameY="0" frameWidth="834" frameHeight="610"/>
	<SubTexture name="Hank Left Shoot0003" x="4276" y="1274" width="821" height="610" frameX="-13" frameY="0" frameWidth="834" frameHeight="610"/>
	<SubTexture name="Hank Left Shoot0004" x="5102" y="1274" width="585" height="610" frameX="-13" frameY="0" frameWidth="834" frameHeight="610"/>
	<SubTexture name="Hank Left Shoot0005" x="5102" y="1274" width="585" height="610" frameX="-13" frameY="0" frameWidth="834" frameHeight="610"/>
	<SubTexture name="Hank Left Shoot0006" x="5692" y="1274" width="585" height="610" frameX="-13" frameY="0" frameWidth="834" frameHeight="610"/>
	<SubTexture name="Hank Left Shoot0007" x="5692" y="1274" width="585" height="610" frameX="-13" frameY="0" frameWidth="834" frameHeight="610"/>
	<SubTexture name="Hank Left Shoot0008" x="6282" y="1274" width="585" height="610" frameX="-13" frameY="0" frameWidth="834" frameHeight="610"/>
	<SubTexture name="Hank Left Shoot0009" x="6282" y="1274" width="585" height="610" frameX="-13" frameY="0" frameWidth="834" frameHeight="610"/>
	<SubTexture name="Hank Left Shoot0010" x="6872" y="1274" width="585" height="610" frameX="-13" frameY="0" frameWidth="834" frameHeight="610"/>
	<SubTexture name="Hank Left Shoot0011" x="6872" y="1274" width="585" height="610" frameX="-13" frameY="0" frameWidth="834" frameHeight="610"/>
	<SubTexture name="Hank Left Shoot0012" x="5102" y="1274" width="585" height="610" frameX="-13" frameY="0" frameWidth="834" frameHeight="610"/>
	<SubTexture name="Hank Left Shoot0013" x="5102" y="1274" width="585" height="610" frameX="-13" frameY="0" frameWidth="834" frameHeight="610"/>
	<SubTexture name="Hank Up note0000" x="7462" y="1274" width="412" height="601" frameX="0" frameY="0" frameWidth="417" frameHeight="601"/>
	<SubTexture name="Hank Up note0001" x="7462" y="1274" width="412" height="601" frameX="0" frameY="0" frameWidth="417" frameHeight="601"/>
	<SubTexture name="Hank Up note0002" x="0" y="1889" width="409" height="601" frameX="-8" frameY="0" frameWidth="417" frameHeight="601"/>
	<SubTexture name="Hank Up note0003" x="0" y="1889" width="409" height="601" frameX="-8" frameY="0" frameWidth="417" frameHeight="601"/>
	<SubTexture name="Hank Up note0004" x="414" y="1889" width="406" height="601" frameX="-11" frameY="0" frameWidth="417" frameHeight="601"/>
	<SubTexture name="Hank Up note0005" x="414" y="1889" width="406" height="601" frameX="-11" frameY="0" frameWidth="417" frameHeight="601"/>
	<SubTexture name="Hank Up note0006" x="825" y="1889" width="412" height="601" frameX="-5" frameY="0" frameWidth="417" frameHeight="601"/>
	<SubTexture name="Hank Up note0007" x="825" y="1889" width="412" height="601" frameX="-5" frameY="0" frameWidth="417" frameHeight="601"/>
	<SubTexture name="Hank Up note0008" x="1242" y="1889" width="409" height="601" frameX="-8" frameY="0" frameWidth="417" frameHeight="601"/>
	<SubTexture name="Hank Up note0009" x="1242" y="1889" width="409" height="601" frameX="-8" frameY="0" frameWidth="417" frameHeight="601"/>
	<SubTexture name="Hank Up note0010" x="0" y="1889" width="409" height="601" frameX="-8" frameY="0" frameWidth="417" frameHeight="601"/>
	<SubTexture name="Hank Up note0011" x="0" y="1889" width="409" height="601" frameX="-8" frameY="0" frameWidth="417" frameHeight="601"/>
	<SubTexture name="Hank Up note0012" x="414" y="1889" width="406" height="601" frameX="-11" frameY="0" frameWidth="417" frameHeight="601"/>
	<SubTexture name="Hank Up note0013" x="414" y="1889" width="406" height="601" frameX="-11" frameY="0" frameWidth="417" frameHeight="601"/>
	<SubTexture name="Hank Up shoot0000" x="1656" y="1889" width="790" height="601" frameX="0" frameY="0" frameWidth="938" frameHeight="601"/>
	<SubTexture name="Hank Up shoot0001" x="1656" y="1889" width="790" height="601" frameX="0" frameY="0" frameWidth="938" frameHeight="601"/>
	<SubTexture name="Hank Up shoot0002" x="2451" y="1889" width="930" height="601" frameX="-8" frameY="0" frameWidth="938" frameHeight="601"/>
	<SubTexture name="Hank Up shoot0003" x="3386" y="1889" width="928" height="601" frameX="-8" frameY="0" frameWidth="938" frameHeight="601"/>
	<SubTexture name="Hank Up shoot0004" x="4319" y="1889" width="695" height="601" frameX="-11" frameY="0" frameWidth="938" frameHeight="601"/>
	<SubTexture name="Hank Up shoot0005" x="4319" y="1889" width="695" height="601" frameX="-11" frameY="0" frameWidth="938" frameHeight="601"/>
	<SubTexture name="Hank Up shoot0006" x="5019" y="1889" width="701" height="601" frameX="-5" frameY="0" frameWidth="938" frameHeight="601"/>
	<SubTexture name="Hank Up shoot0007" x="5019" y="1889" width="701" height="601" frameX="-5" frameY="0" frameWidth="938" frameHeight="601"/>
	<SubTexture name="Hank Up shoot0008" x="5725" y="1889" width="698" height="601" frameX="-8" frameY="0" frameWidth="938" frameHeight="601"/>
	<SubTexture name="Hank Up shoot0009" x="5725" y="1889" width="698" height="601" frameX="-8" frameY="0" frameWidth="938" frameHeight="601"/>
	<SubTexture name="Hank Up shoot0010" x="6428" y="1889" width="698" height="601" frameX="-8" frameY="0" frameWidth="938" frameHeight="601"/>
	<SubTexture name="Hank Up shoot0011" x="6428" y="1889" width="698" height="601" frameX="-8" frameY="0" frameWidth="938" frameHeight="601"/>
	<SubTexture name="Hank Up shoot0012" x="4319" y="1889" width="695" height="601" frameX="-11" frameY="0" frameWidth="938" frameHeight="601"/>
	<SubTexture name="Hank Up shoot0013" x="4319" y="1889" width="695" height="601" frameX="-11" frameY="0" frameWidth="938" frameHeight="601"/>
	<SubTexture name="Hank right note0000" x="7131" y="1889" width="607" height="603" frameX="-24" frameY="0" frameWidth="631" frameHeight="603"/>
	<SubTexture name="Hank right note0001" x="7131" y="1889" width="607" height="603" frameX="-24" frameY="0" frameWidth="631" frameHeight="603"/>
	<SubTexture name="Hank right note0002" x="0" y="2497" width="615" height="603" frameX="0" frameY="0" frameWidth="631" frameHeight="603"/>
	<SubTexture name="Hank right note0003" x="0" y="2497" width="615" height="603" frameX="0" frameY="0" frameWidth="631" frameHeight="603"/>
	<SubTexture name="Hank right note0004" x="620" y="2497" width="609" height="603" frameX="0" frameY="0" frameWidth="631" frameHeight="603"/>
	<SubTexture name="Hank right note0005" x="620" y="2497" width="609" height="603" frameX="0" frameY="0" frameWidth="631" frameHeight="603"/>
	<SubTexture name="Hank right note0006" x="1234" y="2497" width="612" height="603" frameX="0" frameY="0" frameWidth="631" frameHeight="603"/>
	<SubTexture name="Hank right note0007" x="1234" y="2497" width="612" height="603" frameX="0" frameY="0" frameWidth="631" frameHeight="603"/>
	<SubTexture name="Hank right note0008" x="1851" y="2497" width="623" height="603" frameX="0" frameY="0" frameWidth="631" frameHeight="603"/>
	<SubTexture name="Hank right shoot0000" x="2479" y="2497" width="887" height="603" frameX="-1" frameY="0" frameWidth="971" frameHeight="603"/>
	<SubTexture name="Hank right shoot0001" x="2479" y="2497" width="887" height="603" frameX="-1" frameY="0" frameWidth="971" frameHeight="603"/>
	<SubTexture name="Hank right shoot0002" x="3371" y="2497" width="971" height="603"/>
	<SubTexture name="Hank right shoot0003" x="4347" y="2497" width="969" height="603" frameX="0" frameY="0" frameWidth="971" frameHeight="603"/>
	<SubTexture name="Hank right shoot0004" x="5321" y="2497" width="740" height="603" frameX="0" frameY="0" frameWidth="971" frameHeight="603"/>
	<SubTexture name="Hank right shoot0005" x="5321" y="2497" width="740" height="603" frameX="0" frameY="0" frameWidth="971" frameHeight="603"/>
	<SubTexture name="Hank right shoot0006" x="6066" y="2497" width="740" height="603" frameX="0" frameY="0" frameWidth="971" frameHeight="603"/>
	<SubTexture name="Hank right shoot0007" x="6066" y="2497" width="740" height="603" frameX="0" frameY="0" frameWidth="971" frameHeight="603"/>
	<SubTexture name="Hank right shoot0008" x="6811" y="2497" width="740" height="603" frameX="0" frameY="0" frameWidth="971" frameHeight="603"/>
	<SubTexture name="Hank screamright0000" x="0" y="3105" width="788" height="603" frameX="0" frameY="0" frameWidth="819" frameHeight="603"/>
	<SubTexture name="Hank screamright0001" x="793" y="3105" width="799" height="603" frameX="-20" frameY="0" frameWidth="819" frameHeight="603"/>
	<SubTexture name="Hank screamright0002" x="1597" y="3105" width="804" height="603" frameX="-12" frameY="0" frameWidth="819" frameHeight="603"/>
	<SubTexture name="Hank screamright0003" x="2406" y="3105" width="778" height="603" frameX="-1" frameY="0" frameWidth="819" frameHeight="603"/>
	<SubTexture name="Hank screamright0004" x="3189" y="3105" width="766" height="603" frameX="-12" frameY="0" frameWidth="819" frameHeight="603"/>
	<SubTexture name="Hank screamright0005" x="3960" y="3105" width="762" height="603" frameX="-20" frameY="0" frameWidth="819" frameHeight="603"/>
	<SubTexture name="Hank screamright0006" x="4727" y="3105" width="760" height="603" frameX="-25" frameY="0" frameWidth="819" frameHeight="603"/>
	<SubTexture name="Hank screamright0007" x="5492" y="3105" width="773" height="603" frameX="-11" frameY="0" frameWidth="819" frameHeight="603"/>
	<SubTexture name="Hank screamright0008" x="6270" y="3105" width="771" height="603" frameX="-17" frameY="0" frameWidth="819" frameHeight="603"/>
	<SubTexture name="Hank screamright0009" x="5492" y="3105" width="773" height="603" frameX="-11" frameY="0" frameWidth="819" frameHeight="603"/>
	<SubTexture name="Hank screamright0010" x="7046" y="3105" width="779" height="603" frameX="-8" frameY="0" frameWidth="819" frameHeight="603"/>
	<SubTexture name="Hank screamright0011" x="5492" y="3105" width="773" height="603" frameX="-11" frameY="0" frameWidth="819" frameHeight="603"/>
	<SubTexture name="Hank screamright0012" x="0" y="3713" width="782" height="603" frameX="-6" frameY="0" frameWidth="819" frameHeight="603"/>
	<SubTexture name="Hank screamright0013" x="787" y="3713" width="784" height="603" frameX="0" frameY="0" frameWidth="819" frameHeight="603"/>
	<SubTexture name="Hank screamright0014" x="7046" y="3105" width="779" height="603" frameX="-8" frameY="0" frameWidth="819" frameHeight="603"/>
	<SubTexture name="Hank screamright0015" x="5492" y="3105" width="773" height="603" frameX="-11" frameY="0" frameWidth="819" frameHeight="603"/>
	<SubTexture name="Hank screamright0016" x="0" y="3713" width="782" height="603" frameX="-6" frameY="0" frameWidth="819" frameHeight="603"/>
	<SubTexture name="Hank screamright0017" x="5492" y="3105" width="773" height="603" frameX="-11" frameY="0" frameWidth="819" frameHeight="603"/>
	<SubTexture name="Hank screamright0018" x="7046" y="3105" width="779" height="603" frameX="-8" frameY="0" frameWidth="819" frameHeight="603"/>
	<SubTexture name="HankGetReady0000" x="1576" y="3713" width="411" height="495" frameX="-14" frameY="-16" frameWidth="539" frameHeight="529"/>
	<SubTexture name="HankGetReady0001" x="1992" y="3713" width="414" height="513" frameX="-14" frameY="-16" frameWidth="539" frameHeight="529"/>
	<SubTexture name="HankGetReady0002" x="2411" y="3713" width="500" height="495" frameX="-14" frameY="-17" frameWidth="539" frameHeight="529"/>
	<SubTexture name="HankGetReady0003" x="2916" y="3713" width="404" height="494" frameX="-14" frameY="-17" frameWidth="539" frameHeight="529"/>
	<SubTexture name="HankGetReady0004" x="3325" y="3713" width="410" height="509" frameX="-14" frameY="-2" frameWidth="539" frameHeight="529"/>
	<SubTexture name="HankGetReady0005" x="3740" y="3713" width="420" height="524" frameX="-14" frameY="-2" frameWidth="539" frameHeight="529"/>
	<SubTexture name="HankGetReady0006" x="4165" y="3713" width="539" height="483" frameX="0" frameY="-26" frameWidth="539" frameHeight="529"/>
	<SubTexture name="HankGetReady0007" x="4709" y="3713" width="438" height="483" frameX="0" frameY="-26" frameWidth="539" frameHeight="529"/>
	<SubTexture name="HankGetReady0008" x="5152" y="3713" width="447" height="500" frameX="0" frameY="-9" frameWidth="539" frameHeight="529"/>
	<SubTexture name="HankGetReady0009" x="5604" y="3713" width="424" height="501" frameX="-15" frameY="-11" frameWidth="539" frameHeight="529"/>
	<SubTexture name="HankGetReady0010" x="5604" y="3713" width="424" height="501" frameX="-15" frameY="-11" frameWidth="539" frameHeight="529"/>
	<SubTexture name="HankGetReady0011" x="6033" y="3713" width="448" height="509" frameX="-14" frameY="-2" frameWidth="539" frameHeight="529"/>
	<SubTexture name="HankGetReady0012" x="6033" y="3713" width="448" height="509" frameX="-14" frameY="-2" frameWidth="539" frameHeight="529"/>
	<SubTexture name="HankGetReady0013" x="6486" y="3713" width="435" height="499" frameX="-16" frameY="-12" frameWidth="539" frameHeight="529"/>
	<SubTexture name="HankGetReady0014" x="6486" y="3713" width="435" height="499" frameX="-16" frameY="-12" frameWidth="539" frameHeight="529"/>
	<SubTexture name="HankGetReady0015" x="6926" y="3713" width="435" height="496" frameX="-16" frameY="-15" frameWidth="539" frameHeight="529"/>
	<SubTexture name="HankGetReady0016" x="6926" y="3713" width="435" height="496" frameX="-16" frameY="-15" frameWidth="539" frameHeight="529"/>
	<SubTexture name="HankGetReady0017" x="7366" y="3713" width="436" height="511" frameX="-15" frameY="0" frameWidth="539" frameHeight="529"/>
	<SubTexture name="HankGetReady0018" x="7366" y="3713" width="436" height="511" frameX="-15" frameY="0" frameWidth="539" frameHeight="529"/>
	<SubTexture name="HankGetReady0019" x="0" y="4321" width="435" height="511" frameX="-16" frameY="0" frameWidth="539" frameHeight="529"/>
	<SubTexture name="HankGetReady0020" x="0" y="4321" width="435" height="511" frameX="-16" frameY="0" frameWidth="539" frameHeight="529"/>
	<SubTexture name="HankGetReady0021" x="440" y="4321" width="435" height="496" frameX="-16" frameY="-15" frameWidth="539" frameHeight="529"/>
	<SubTexture name="HankGetReady0022" x="440" y="4321" width="435" height="496" frameX="-16" frameY="-15" frameWidth="539" frameHeight="529"/>
	<SubTexture name="HankGetReady0023" x="6926" y="3713" width="435" height="496" frameX="-16" frameY="-15" frameWidth="539" frameHeight="529"/>
	<SubTexture name="hanktaunt0000" x="880" y="4321" width="420" height="480" frameX="-164" frameY="-83" frameWidth="768" frameHeight="565"/>
	<SubTexture name="hanktaunt0001" x="880" y="4321" width="420" height="480" frameX="-164" frameY="-83" frameWidth="768" frameHeight="565"/>
	<SubTexture name="hanktaunt0002" x="1305" y="4321" width="768" height="565"/>
	<SubTexture name="hanktaunt0003" x="2078" y="4321" width="768" height="565"/>
	<SubTexture name="hanktaunt0004" x="2851" y="4321" width="714" height="523" frameX="-22" frameY="-41" frameWidth="768" frameHeight="565"/>
	<SubTexture name="hanktaunt0005" x="3570" y="4321" width="714" height="523" frameX="-22" frameY="-41" frameWidth="768" frameHeight="565"/>
	<SubTexture name="hanktaunt0006" x="4289" y="4321" width="723" height="529" frameX="-17" frameY="-35" frameWidth="768" frameHeight="565"/>
	<SubTexture name="hanktaunt0007" x="5017" y="4321" width="723" height="529" frameX="-17" frameY="-35" frameWidth="768" frameHeight="565"/>
	<SubTexture name="hanktaunt0008" x="5017" y="4321" width="723" height="529" frameX="-17" frameY="-35" frameWidth="768" frameHeight="565"/>
	<SubTexture name="hanktaunt0009" x="5745" y="4321" width="723" height="529" frameX="-17" frameY="-35" frameWidth="768" frameHeight="565"/>
	<SubTexture name="hanktaunt0010" x="5745" y="4321" width="723" height="529" frameX="-17" frameY="-35" frameWidth="768" frameHeight="565"/>
	<SubTexture name="hanktaunt0011" x="6473" y="4321" width="723" height="529" frameX="-17" frameY="-35" frameWidth="768" frameHeight="565"/>
	<SubTexture name="hanktaunt0012" x="6473" y="4321" width="723" height="529" frameX="-17" frameY="-35" frameWidth="768" frameHeight="565"/>
	<SubTexture name="hanktaunt0013" x="4289" y="4321" width="723" height="529" frameX="-17" frameY="-35" frameWidth="768" frameHeight="565"/>
	<SubTexture name="hanktaunt0014" x="4289" y="4321" width="723" height="529" frameX="-17" frameY="-35" frameWidth="768" frameHeight="565"/>
	<SubTexture name="hanktaunt0015" x="5017" y="4321" width="723" height="529" frameX="-17" frameY="-35" frameWidth="768" frameHeight="565"/>
</TextureAtlas>
