﻿<?xml version="1.0" encoding="utf-8"?>
<TextureAtlas imagePath="gfDanceTitle.png">
	<!-- Created with Adobe Animate version 20.0.3.25487 -->
	<!-- http://www.adobe.com/products/animate.html -->
	<SubTexture name="gfDance0000" x="20" y="20" width="1294" height="896"/>
	<SubTexture name="gfDance0001" x="1324" y="20" width="1294" height="896"/>
	<SubTexture name="gfDance0002" x="2628" y="20" width="1294" height="896"/>
	<SubTexture name="gfDance0003" x="3932" y="20" width="1294" height="896"/>
	<SubTexture name="gfDance0004" x="5236" y="20" width="1294" height="896"/>
	<SubTexture name="gfDance0005" x="6540" y="20" width="1294" height="896"/>
	<SubTexture name="gfDance0006" x="20" y="926" width="1294" height="896"/>
	<SubTexture name="gfDance0007" x="1324" y="926" width="1294" height="896"/>
	<SubTexture name="gfDance0008" x="2628" y="926" width="1294" height="896"/>
	<SubTexture name="gfDance0009" x="2628" y="926" width="1294" height="896"/>
	<SubTexture name="gfDance0010" x="3932" y="926" width="1294" height="896"/>
	<SubTexture name="gfDance0011" x="3932" y="926" width="1294" height="896"/>
	<SubTexture name="gfDance0012" x="3932" y="926" width="1294" height="896"/>
	<SubTexture name="gfDance0013" x="3932" y="926" width="1294" height="896"/>
	<SubTexture name="gfDance0014" x="5236" y="926" width="1294" height="896"/>
	<SubTexture name="gfDance0015" x="6540" y="926" width="1294" height="896"/>
	<SubTexture name="gfDance0016" x="20" y="1832" width="1294" height="896"/>
	<SubTexture name="gfDance0017" x="1324" y="1832" width="1294" height="896"/>
	<SubTexture name="gfDance0018" x="2628" y="1832" width="1294" height="896"/>
	<SubTexture name="gfDance0019" x="3932" y="1832" width="1294" height="896"/>
	<SubTexture name="gfDance0020" x="5236" y="1832" width="1294" height="896"/>
	<SubTexture name="gfDance0021" x="6540" y="1832" width="1294" height="896"/>
	<SubTexture name="gfDance0022" x="20" y="2738" width="1294" height="896"/>
	<SubTexture name="gfDance0023" x="1324" y="2738" width="1294" height="896"/>
	<SubTexture name="gfDance0024" x="1324" y="2738" width="1294" height="896"/>
	<SubTexture name="gfDance0025" x="20" y="2738" width="1294" height="896"/>
	<SubTexture name="gfDance0026" x="20" y="2738" width="1294" height="896"/>
	<SubTexture name="gfDance0027" x="20" y="2738" width="1294" height="896"/>
	<SubTexture name="gfDance0028" x="1324" y="2738" width="1294" height="896"/>
	<SubTexture name="gfDance0029" x="1324" y="2738" width="1294" height="896"/>
</TextureAtlas>
