﻿<?xml version="1.0" encoding="utf-8"?>
<TextureAtlas imagePath="Karma_Note.png">
	<!-- Created with Adobe Animate version 21.0.4.39603 -->
	<!-- http://www.adobe.com/products/animate.html -->
	<SubTexture name="purple0000" x="314" y="0" width="154" height="157"/>
	<SubTexture name="blue0000" x="0" y="0" width="157" height="154"/>
	<SubTexture name="green0000" x="157" y="0" width="157" height="154"/>
	<SubTexture name="red0000" x="0" y="157" width="154" height="157"/>

	<!-- tposejank's extra keys mod sync -->
	<SubTexture name="A0000" x="314" y="0" width="154" height="157"/>
	<SubTexture name="B0000" x="0" y="0" width="157" height="154"/>
	<SubTexture name="C0000" x="157" y="0" width="157" height="154"/>
	<SubTexture name="D0000" x="0" y="157" width="154" height="157"/>
	<SubTexture name="E0000" x="157" y="0" width="157" height="154"/>
	<SubTexture name="F0000" x="314" y="0" width="154" height="157"/>
	<SubTexture name="G0000" x="0" y="0" width="157" height="154"/>
	<SubTexture name="H0000" x="157" y="0" width="157" height="154"/>
	<SubTexture name="I0000" x="0" y="157" width="154" height="157"/>
</TextureAtlas>
